-- phpMyAdmin SQL Dump
-- version 4.5.2
-- http://www.phpmyadmin.net
--
-- Host: 127.0.0.1
-- Generation Time: Jul 07, 2016 at 02:36 PM
-- Server version: 5.7.9
-- PHP Version: 5.6.16

SET SQL_MODE = "NO_AUTO_VALUE_ON_ZERO";
SET time_zone = "+00:00";


/*!40101 SET @OLD_CHARACTER_SET_CLIENT=@@CHARACTER_SET_CLIENT */;
/*!40101 SET @OLD_CHARACTER_SET_RESULTS=@@CHARACTER_SET_RESULTS */;
/*!40101 SET @OLD_COLLATION_CONNECTION=@@COLLATION_CONNECTION */;
/*!40101 SET NAMES utf8mb4 */;

--
-- Database: `timhypproj`
--

-- --------------------------------------------------------

--
-- Table structure for table `assdvrelation`
--

DROP TABLE IF EXISTS `assdvrelation`;
CREATE TABLE IF NOT EXISTS `assdvrelation` (
  `idass` int(10) UNSIGNED NOT NULL,
  `iddevice` int(10) UNSIGNED NOT NULL,
  PRIMARY KEY (`idass`,`iddevice`),
  KEY `iddevice` (`iddevice`)
) ENGINE=InnoDB DEFAULT CHARSET=utf8 COLLATE=utf8_unicode_ci;

--
-- Dumping data for table `assdvrelation`
--

INSERT INTO `assdvrelation` (`idass`, `iddevice`) VALUES
(3, 1),
(9, 1),
(14, 1),
(20, 1),
(22, 1),
(3, 2),
(6, 2),
(12, 2),
(3, 3),
(9, 3),
(12, 3),
(19, 3),
(22, 3),
(24, 3),
(10, 4),
(13, 4),
(20, 4),
(21, 4),
(3, 5),
(10, 5),
(12, 5),
(23, 5),
(4, 6),
(6, 6),
(10, 6),
(4, 7),
(10, 7),
(14, 7),
(21, 7),
(24, 7),
(4, 8),
(6, 8),
(12, 8),
(13, 8),
(19, 8),
(6, 9),
(9, 9),
(23, 9),
(4, 10),
(9, 10),
(24, 10),
(16, 11),
(20, 11),
(7, 12),
(8, 12),
(14, 12),
(17, 12),
(13, 13),
(15, 13),
(19, 13),
(8, 14),
(17, 14),
(20, 14),
(24, 14),
(16, 15),
(22, 15),
(14, 16),
(21, 16),
(23, 16),
(13, 17),
(15, 17),
(21, 17),
(7, 18),
(17, 18),
(18, 18),
(19, 18),
(18, 19),
(22, 19),
(18, 20),
(23, 20),
(1, 27),
(5, 27),
(8, 27),
(11, 27),
(16, 27),
(1, 28),
(5, 28),
(8, 28),
(11, 28),
(15, 28),
(17, 28),
(1, 29),
(2, 29),
(11, 29),
(15, 29),
(1, 30),
(2, 30),
(7, 30),
(2, 31),
(5, 31),
(7, 31),
(18, 31),
(2, 32),
(5, 32),
(11, 32),
(16, 32);

-- --------------------------------------------------------

--
-- Table structure for table `assistance`
--

DROP TABLE IF EXISTS `assistance`;
CREATE TABLE IF NOT EXISTS `assistance` (
  `id` int(10) UNSIGNED NOT NULL AUTO_INCREMENT,
  `category` varchar(20) COLLATE utf8_unicode_ci NOT NULL,
  `subcategory` varchar(20) COLLATE utf8_unicode_ci NOT NULL,
  `name_it` varchar(60) COLLATE utf8_unicode_ci NOT NULL,
  `name_en` varchar(60) COLLATE utf8_unicode_ci NOT NULL,
  `desc_it` text COLLATE utf8_unicode_ci NOT NULL,
  `faq_it` text COLLATE utf8_unicode_ci NOT NULL,
  `desc_en` text COLLATE utf8_unicode_ci NOT NULL,
  `faq_en` text COLLATE utf8_unicode_ci NOT NULL,
  PRIMARY KEY (`id`)
) ENGINE=InnoDB AUTO_INCREMENT=25 DEFAULT CHARSET=utf8 COLLATE=utf8_unicode_ci;

--
-- Dumping data for table `assistance`
--

INSERT INTO `assistance` (`id`, `category`, `subcategory`, `name_it`, `name_en`, `desc_it`, `faq_it`, `desc_en`, `faq_en`) VALUES
(1, 'Line Services', 'Home Phone', 'Attivazione linea di casa', 'Home line activation', 'Richiedere l’attivazione di una linea telefonica di casa è molto semplice, puoi:\r\n\r\nrichiederla online\r\nchiamare il Servizio Clienti linea fissa 187\r\nrecarti presso un Negozio TIM.\r\nVerifica la modalità di attivazione consultando on line le varie offerte disponibili.\r\n\r\nI dati necessari sono:\r\n\r\nnome e cognome\r\ncodice fiscale\r\nindirizzo dell''abitazione per cui richiedi l''installazione della linea\r\nun recapito telefonico di cellulare\r\nindirizzo email (facoltativo).\r\nIl nostro personale tecnico ti contatterà quanto prima per concordare l’appuntamento per l’installazione dell’impianto telefonico.', 'Quali sono le diverse tipologie di linea telefonica di casa?\nQuanto costa attivare una linea telefonica di casa?\nSe attivo una linea in una seconda casa, quanto pago di abbonamento?\nHo la linea telefonica di casa con un altro gestore ma vorrei rientrare in TIM, che cosa devo fare?\nHo la linea telefonica di casa con TIM ma l’ADSL con un altro gestore e vorrei attivare il servizio ADSL con TIM. Cosa devo fare?\nChe cosa è il Codice di Migrazione?\nChe cosa è il Codice Segreto?\nCome è composto il Codice Segreto?\nDove posso trovare sul sito il mio Codice Segreto?', 'TBT', 'TBT'),
(2, 'Line Services', 'Home Phone', 'Trasloco', 'Moving', 'Il trasloco è un''operazione che ti consente di spostare la tua linea telefonica presso una nuova abitazione, nella stessa città o in una città diversa. Puoi gestirla direttamente online basta registrarsi all’Area Clienti.', 'Posso mantenere il mio numero telefonico?\r\nCome posso richiederlo?\r\nQuali sono i tempi?\r\nQuanto costa il trasloco?\r\nHo Alice Voce, se trasloco la mia linea perderò il collegamento?', 'TBT', 'TBT'),
(3, 'Line Services', 'Mobile', 'Passaggio da abbonamento a ricaricabile', 'Pass from subscription to rechargeable', 'Se sei titolare di una linea in abbonamento e desideri passare al servizio ricaricabile puoi farne richiesta in un Negozio TIM o inoltrando la necessaria documentazione al Servizio Clienti 119.\r\n\r\nPer passare la tua utenza TIM da abbonamento a servizio ricaricabile puoi compilare il modulo di “Richiesta di migrazione da abbonamento a ricaricabile”. Il modulo è disponibile in formato pdf nella sezione Moduli e può essere scaricato direttamente dalla sottosezione “clienti con abbonamento”.\r\nPotrai inviare il modulo compilato con la richiesta di cessazione del contratto di abbonamento e la specificata volontà di passare verso servizio ricaricabile (indicando il profilo e l''eventuale opzione) e la modalità di rimborso ACI (assegno/accredito su linea ricaricabile), al numero di fax dedicato 800600119.', 'Posso mantenere il mio numero telefonico?\r\nCome posso richiederlo?\r\nQuali sono i tempi?', 'TBT', 'TBT'),
(4, 'Line Services', 'Mobile', 'All''estero con TIM', 'Abroad with TIM', 'Usare il telefonino all’estero è facilissimo!\r\nTutti i clienti TIM con una linea ricaricabile e con un abbonamento sono automaticamente abilitati a chiamare, ricevere telefonate, inviare e ricevere SMS dall’estero.\r\nEd è facile come in Italia!', 'Sono all’estero con la mia linea ricaricabile, cosa devo fare per chiamare?\r\nCome faccio ad addebitare i costi delle chiamate sul credito residuo della mia linea ricaricabile?\r\nCome posso addebitare su carta di credito le chiamate della mia linea ricaricabile?\r\nSono all’estero con la mia linea abbonamento, cosa devo fare per chiamare?', 'TBT', 'TBT'),
(5, 'Line Services', 'Online Services', 'MyTIM Fisso (gestione linea)', 'MyTIM Home (line managing)', 'Registrandoti al MyTIM Fisso o scaricando l’applicazione per smartphone e tablet avrai  a disposizione tutte le informazioni relative alla tua linea telefonica.\r\n\r\nPotrai visualizzare i servizi e le offerte attivi sulla tua linea telefonica, pagare le tue fatture e avere informazioni relative al traffico.', 'Perché dovrei registrarmi al MyTIM Fisso o scaricare l’app MyTIM Fisso?\r\nCome posso effettuare online un trasloco?\r\nCome posso vedere lo stato delle mie richieste?\r\nCome posso visualizzare tutte le comunicazioni da e per TIM?\r\nCome posso recuperare la password della sezione MyTIM Fisso ?\r\n', 'TBT', 'TBT'),
(6, 'Line Services', 'Online Services', 'MyTIM Mobile (gestione linea)', 'MyTIM Mobile (line managing)', 'In MyTIM Mobile hai a disposizione tutte le informazioni relative alla tua linea telefonica.\r\n\r\nPuoi tenerti costantemente aggiornato sui servizi attivi sulla tua linea, sulle caratteristiche della tua SIM, avere indicazioni relative al tuo piano tariffario ed agli acquisti effettuati sul sito e se necessario bloccare la tua linea per furto o smarrimento.\r\n\r\nRegistrati subito!', 'Come posso registrare la mia SIM a MyTIM Mobile?\r\nGuida alla registrazione a MyTIM Mobile\r\nHo dimenticato la password di accesso a MyTIM Mobile. Come posso recuperarla ?\r\nCome posso modificare la mia password di accesso?\r\nPosso accedere a MyTIM Mobile direttamente dal mio telefonino?\r\nE’ possibile gestire il mio profilo e le mie opzioni dal sito TIM?\r\nE’ possibile visualizzare la scadenza della mia SIM\r\nCome posso verificare i Servizi TIM attivi sulla mia linea cellulare?\r\nHo smarrito il telefonino, come posso bloccare la mia linea telefonica?\r\nHo effettuato un acquisto sul sito TIM, come posso verificare a che punto è il mio ordine?\r\nCome posso modificare il consenso alla ricezione dei messaggi pubblicitari?', 'TBT', 'TBT'),
(7, 'Costs and Payments', 'Home Phone', 'Come leggere la fattura della linea', 'How to read the line''s invoice', 'La fattura della linea fissa è semplice e facile da leggere perché disegnata prendendo spunto dai suggerimenti dei clienti. La veste grafica, moderna e raffinata, utilizza un linguaggio sempre più chiaro per l’esposizione delle voci di spesa, facilitando la lettura di tutte le informazioni di cui hai bisogno e garantendo maggiore trasparenza nei contenuti e negli importi.\r\n', 'Come leggo la fattura della linea fissa?\r\nChe vantaggi ho con la fattura online?\r\nVorrei cambiare l’indirizzo e-mail su cui ricevere il messaggio della disponibilità online della mia fattura. Come posso fare?', 'TBT', 'TBT'),
(8, 'Costs and Payments', 'Home Phone', 'Come pagare la fattura della linea', 'How to pay line''s invoice', 'Risparmi tempo e i costi di gestione dei pagamenti \r\nCertezza dei pagamenti che saranno effettuati automaticamente il giorno della scadenza fattura \r\nControllo dei pagamenti (possibilità di richiedere sospensione / riaccredito del pagamento in caso di contestazione)\r\nNon devi versare un Anticipo Conversazioni\r\n(se già versato ti sarà restituito in fattura)', 'Posso richiedere la domiciliazione su carta di credito?\r\nPosso utilizzare il P@gonline in My TIM Fisso per pagare la fattura di un amico o un parente?\r\nPosso pagare parzialmente una fattura scoperta?\r\nSono in ritardo con il pagamento, devo sempre comunicare gli estremi al servizio automatico?\r\nLa mia linea è stata sospesa per morosità. Una volta effettuato il pagamento, quando mi verrà riattivata la linea? E l’ADSL?\r\nSe pago la fattura in ritardo mi verranno addebitate delle penali?\r\nCosa è il Servizio di produzione e spedizione fattura?', 'TBT', 'TBT'),
(9, 'Cost and Payments', 'Mobile', 'Verifica credito per i clienti Prepagati', 'Verify credit ', 'Il credito residuo disponibile, le offerte e lo stato dei bonus attivi sulla tua linea ricaricabile, sono consultabili attraverso le seguenti modalità:\r\n\r\nDirettamente dal tuo Smartphone, accedendo all’app MyTIM Mobile, attualmente disponibile in download gratuito nelle versioni per iPhone e per smartphone con sistema operativo Android.\r\nScarica da qui la APP MyTIM Mobile:\r\n\r\nDirettamente online sul sito tim.it nella sezione MyTIM Mobile riservata ai nostri clienti che ti permette di verificare il credito residuo, le quantità di minuti, SMS, GB ancora disponibili, i bonus in euro  eventualmente presenti ed effettuare variazioni sulla tua linea telefonica;\r\nChiamando il numero gratuito 40916, per il credito residuo. Inoltre digitando il tasto 1 puoi conoscere le offerte attive, la quantità di minuti, SMS, GB ancora disponibili e i bonus in euro eventualmente presenti;\r\nAttraverso il servizio gratuito 119sms; inviando un sms al 119 “a testo libero”(ad esempio “qual è il mio credito residuo”) il servizio ti risponderà con un sms con le informazioni richieste;\r\nAttraverso l’attivazione del servizio gratuito "TIM Ti Avvisa - info sms" che ti permette di conoscere il costo dell’ultima chiamata nazionale effettuata e il credito residuo aggiornato in tempo reale grazie alla ricezione di un sms direttamente sul tuo telefonino oppure con il servizio “TIM Ti Avvisa – offerte” puoi essere informato con un sms gratuito quando il consumo delle tue offerte attive raggiunge la percentuale da te scelta;', 'Se pago la fattura in ritardo mi verranno addebitate delle penali?\nSono in ritardo con il pagamento, devo sempre comunicare gli estremi al servizio automatico?', 'TBT', 'TBT'),
(10, 'Costs and Payments', 'Mobile', 'Modalità di pagamento della fattura linea mobile', 'Way to pay mobile''s invoice', 'Se non hai già attiva una domiciliazione, è possibile effettuare il pagamento della fattura utilizzando una delle seguenti modalità:\r\n\r\nTramite il servizio P@gonline. Accedi a MyTIM Mobile. Se sei titolare di una Carta di Credito dei circuiti VISA, MASTERCARD o AMERICAN EXPRESS, potrai utilizzarla per effettuare il pagamento delle fatture da saldare, senza costi aggiuntivi, in modo semplice e sicuro.\r\nAl termine dell’operazione, riceverai conferma di avvenuto pagamento all’indirizzo email indicato in fase di registrazione a MyTIM Mobile. \r\nTi ricordiamo che non è possibile effettuare il pagamento di più fatture con un’unica transazione.\r\nTramite i circuiti Lottomatica Servizi e Sisal. Recandoti in un qualsiasi punto vendita autorizzato su tutto il territorio nazionale, puoi effettuare il pagamento consegnando all’addetto del punto vendita il bollettino postale premarcato allegato alle nostre comunicazioni o in alternativa comunicando il tuo numero di telefono e l’importo del rendiconto telefonico da saldare. \r\nAl termine dell’operazione verrà rilasciata una ricevuta di attestazione di avvenuto pagamento. \r\nTi ricordiamo che dai punti vendita è possibile pagare in contanti o con carta bancomat e, dai siti web dei circuiti, con carta di credito.\r\nAttraverso il bollettino premarcato allegato alle nostre fatture (se ricevi la fattura cartacea) o comunicazioni, utilizzabile presso tutti gli uffici postali e presso gli sportelli degli Istituti di Credito convenzionati;\r\nAltre modalità: è possibile effettuare il pagamento su Conto Corrente postale n.ro 28027001 (compilando un bollettino in bianco) intestato a TELECOM ITALIA S.p.A. Via Gaetano Negri 1 - 20123 MILANO o tramite bonifico bancario da effettuare sulle coordinate “BANCA INTESA SPA – Iban  IT  16  N  03069  05073 000000610115”. \r\nNella causale di versamento sarà necessario indicare sempre il numero dell’utenza, la denominazione sociale o nome e cognome del titolare del contratto ed il bimestre di riferimento. \r\nIn caso di utilizzo di queste ultime due modalità di pagamento, ti invitiamo a comunicare telefonicamente gli estremi di pagamento al Servizio Clienti 119. Nel caso in cui la tua linea sia stata sospesa sarà necessario inviarci la copia della ricevuta attestante l’avvenuto pagamento.\r\nSe hai già registrato la tua linea a MyTIM Mobile, puoi compilare ed inviare direttamente online la "Richiesta di riattivazione linea e comunicazione estremi di pagamento" disponibile nella sezione MODULI sotto la voce “Clienti con abbonamento” allegando la copia della ricevuta. Se non sei registrato potrai inviare la copia della ricevuta di pagamento secondo le modalità indicate dal Servizio Clienti 119.', 'Se pago la fattura in ritardo mi verranno addebitate delle penali?\r\nSono in ritardo con il pagamento, devo sempre comunicare gli estremi al servizio automatico?', 'TBT', 'TBT'),
(11, 'Costs and Payments', 'Online', 'MyTIM Fisso (controllo costi)', 'MyTIM Home (cost control)', 'Registrandoti a MyTIM Fisso o scaricando l’Applicazione per smartphone e tablet avrai a disposizione tutte le informazioni relative alla tua linea di casa.\r\n\r\nPotrai visualizzare i servizi e le offerte attive sulla tua linea telefonica, pagare le tue fatture e avere informazioni relative al traffico.', 'Perché dovrei registrarmi a MyTIM Fisso o scaricare l’App MyTIM Fisso?\r\nCome posso visualizzare la mia fattura?\r\nCome posso pagare la fattura online?\r\nCome posso controllare i miei consumi?\r\nCome posso scaricare la mia fattura in pdf?\r\nCome posso recuperare la password di MyTIM Fisso?', 'TBT', 'TBT'),
(12, 'Costs and Payments', 'Online', 'MyTIM Mobile (controllo costi)', 'MyTIM Mobile (cost control)', 'In MyTIM Mobile hai a disposizione tutte le informazioni che riguardano la tua linea mobile.\r\n\r\nPuoi tenerti costantemente aggiornato sulle offerte che TIM ha pensato per  te, visualizzare il tuo traffico telefonico, verificare il credito residuo ed effettuare ricariche, visualizzare e pagare online la tua fattura.', 'Come posso registrare la mia SIM a MyTIM Mobile?\r\nGuida alla registrazione a MyTIM Mobile\r\nHo dimenticato la password di accesso a MyTIM Mobile. Come posso recuperarla ?\r\nCome posso modificare la mia password di accesso?\r\nPosso accedere a MyTIM Mobile direttamente dal mio telefonino?\r\nCome posso verificare il mio traffico telefonico?\r\nE’ possibile visualizzare la fattura della mia linea mobile dal sito TIM?\r\nPosso pagare la mia fattura TIM dal sito?', 'TBT', 'TBT'),
(13, 'Technical Support', 'Smartphone & Tablet', 'Connettersi a Internet col telefonino', 'Connect your phone to the Internet', 'Normalmente i telefoni commercializzati da TIM sono già predisposti per il collegamento Internet in maniera automatica, altrimenti dovrai eseguire la procedura di configurazione del servizio. \r\nDi seguito i passi da effettuare per capire se il tuo telefonino è configurato:\r\n\r\nSe hai un telefonino TIM, ti basterà cliccare sull’icona del Browser Internet;\r\nSe invece non hai un telefonino TIM, ti basterà cliccare sull’icona del Browser Internet e digitare l''indirizzo "wap.tim.it".\r\nSe non riesci a collegarti in questi modi, il tuo telefonino deve essere ancora configurato.\r\n\r\nPuoi farlo manualmente consultando le guide di configurazione specifiche per il tuo dispositivo, disponibili nella sezione “Configura online", selezionando dal menù a tendina la marca e il modello. \r\nSe non ricordi il modello specifico del tuo Smartphone o Tablet, puoi verificarlo entrando in  MyTIM Mobile. Il tuo dispositivo sarà automaticamente riconosciuto e potrai visualizzarne marca e modello.\r\n\r\nPer alcuni modelli puoi configurare in maniera automatica il tuo telefonino alla navigazione e agli MMS contattando il numero gratuito 40920, opzione 4.', 'Quanto costa connettere il telefono?\nChe cosa è il Codice di Migrazione?\nChe cosa è il Codice Segreto?\nCome è composto il Codice Segreto?\nDove posso trovare sul sito il mio Codice Segreto?', 'TBT', 'TBT'),
(14, 'Technical Support', 'Smartphone & Tablet', 'Buono sconto per cambio telefono', 'non so come si dice', 'Vuoi un nuovo smartphone?\r\n\r\nPortaci il tuo vecchio telefono, da oggi vale uno sconto sul nuovo!\r\n\r\nCon il servizio TIM Valuta puoi far valutare gratuitamente e senza impegno il tuo telefonino, smartphone o tablet.  Ricevi subito uno sconto da utilizzare come meglio desideri: per l’acquisto di un nuovo telefonino, smartphone, tablet, chiavetta, Internet Pack, oppure in Ricarica telefonica TIM. Il servizio è aperto a tutti!\r\n\r\n\r\nFar valutare il telefono è molto semplice. E’ sufficiente:\r\n\r\n• portare presso uno dei negozi TIM che aderiscono all’iniziativa il tuo vecchio telefono, smartphone o tablet\r\n• l’addetto del negozio procederà alla valutazione del prodotto, verificandone le condizioni e lo stato d’uso\r\n• se accetti la valutazione, riceverai uno sconto di pari valore che potrai utilizzare subito per l’acquisto di un nuovo smartphone, tablet, oppure Ricariche telefoniche TIM.', 'Che cosa è il Codice di Migrazione?\r\nChe cosa è il Codice Segreto?\r\nCome è composto il Codice Segreto?\r\nDove posso trovare sul sito il mio Codice Segreto?', 'TBTBTBT', 'TBTBTBT'),
(15, 'Techincal Support', 'Computer Security', 'Requisiti minimi e Software supportati', 'Minimal requirements and Supported softwares', 'Per utilizzare il software di sicurezza Total Security è necessario disporre di:\r\n\r\nMicrosoft® Windows® 8, 8.1 \r\nSupporto sia per la versione a 32-bit che per la versione a 64-bit con:\r\n\r\nProcessore a 2 GHz o superiore\r\n2 GB di memoria RAM per 32-bit / 4 GB di memoria RAM per 64-bit\r\n250MB di spazio libero sull’hard disk\r\nMicrosoft® Windows® 7 \r\nSupporto sia per la versione a 32-bit che per la versione a 64-bit con:\r\n\r\nProcessore a 2 GHz o superiore\r\n2 GB di memoria RAM per 32-bit / 4 GB di memoria RAM per 64-bit\r\n250MB di spazio libero sull’hard disk\r\n\r\nMicrosoft® Windows® Vista SP2 \r\nSupporto per le versioni Business, Home Premium e Ultimate, sia in versione 32-bit che 64-bit con:\r\n\r\nProcessore a 2 GHz o superiore\r\n2 GB di memoria RAM\r\n250MB di spazio libero sull’hard disk\r\n\r\nMicrosoft® Windows® XP SP2 o SP3 \r\nSupporto per le versioni Home e Professional in versione 32-bit con:\r\n\r\nProcessore a 1 GHz o superiore\r\n1 GB di memoria RAM\r\n250MB di spazio libero sull’hard disk\r\n\r\nBrowser supportati :\r\n\r\nMicrosoft Internet Explorer 7, 8, 9, 10\r\nMozilla Firefox 15\r\n\r\nTotal Security non è compatibile con sistemi operativi diversi da Windows (come Macintosh, Linux o Unix).\r\n\r\nProtocolli supportati dal filtro anti-spam:\r\n\r\nIMAP4\r\nPOP3 (il servizio e-mail YahooPops POP3 non è supportato)\r\nProtocollo HTTP solo con Outlook, Outlook Express e Windows Mail (Windows Vista) (Microsoft Exchange non supportato)\r\nClient e-mail con filtri anti-spam supportati:\r\n\r\nOutlook e Outlook Express\r\nWindows Mail per Windows Vista 32 e 64 (Windows Live Mail non supportato)\r\nProtocolli supportati per funzionalità MailSafe:\r\n\r\nSMTP (solo in uscita)', 'Come scopro se il mio pc ha i requisiti minimi?\r\nCome scopro il modello del mio pc?', 'TBTBT', 'TBTB'),
(16, 'Technical Support', 'Computer Security', '"Phishing": difenditi dalle e-mail e dagli SMS sospetti!', '"Phishing": beware from suspect e-mail and SMS!', 'Richiamiamo la tua attenzione sul fenomeno delle truffe on line.\r\nIl "phishing", è una frode finalizzata all’acquisizione via email o SMS, per scopi illegali, di dati personali e riservati.\r\nIl furto dei dati avviene attraverso l’invio di email contraffatte, con grafica e loghi ufficiali di Società, in molti casi anche Banche e Istituti di Credito, che invitano il cliente a fornire informazioni personali, quali ad esempio i dati della carta di credito, o contenenti la richiesta di credenziali per accedere alle proprie aree riservate, ecc.\r\n\r\nIn particolar modo ti invitiamo a fare molta attenzione a possibili frodi on line che riguardano operazioni di ricarica.\r\nLa truffa si cela dietro siti non autentici che, a fronte di Ricariche TIM, promettono minuti gratuiti, bonus aggiuntivi, ricariche a prezzi scontati o la cessione del proprio credito tramite servizio TiRicarico. Ad esempio:\r\n“One for two”: se oggi ricarichi online hai 50€ in omaggio.\r\noppure\r\n“Raddoppia di TIM”: solo per oggi la tua ricarica raddoppia.\r\n\r\nL’invito a ricaricare può avvenire attraverso annunci rintracciabili in vari forum e/o su EBAY ma anche attraverso email o SMS pubblicitari all’interno dei quali sono presenti link che indirizzano l''ignaro utente su una pagina internet simile nella grafica a quella ufficiale TIM ma in realtà fraudolenta.\r\nPer evitare rischi di frode sulla ricarica online, basta seguire queste semplici raccomandazioni:\r\n\r\nNel caso in cui tu abbia ricevuto una email sospetta, evita di aprirla ed, in particolar modo, evita di "cliccare" sui link in essa presenti.\r\nNel caso in cui tu abbia ricevuto un SMS sospetto, evita di “cliccare” sui link in esso presenti.\r\nAccertati sempre che il dominio riservato alle ricariche TIM sia www.tim.it (per esempio https://www.tim.it/) e non altri.\r\n\r\nTi ricordiamo che nella maggior parte dei casi le email fraudolente sono facilmente riconoscibili in quanto presentano le seguenti caratteristiche:\r\n\r\nNon contengono il nome ed il cognome del destinatario (il truffatore in realtà invia il messaggio "a caso", ad un numero molto elevato di indirizzi email, facendo spamming).\r\nsono spesso scritte in un italiano approssimativo e contengono inesattezze ed elementi "strani" rispetto al formato usato tradizionalmente dall''ente simulato.\r\ninvitano a visitare siti con indirizzi diversi da quello del sito web ufficiale dell’ente simulato.\r\nIn generale, ti invitiamo a diffidare sempre delle email che chiedono l’inserimento di dati personali e riservati, anche qualora ti pervengano da indirizzi che sembrano far riferimento a TIM.\r\n\r\nInoltre, il phishing può nascondersi anche dietro una chiamata ad esempio dal numero +3906/119119, che invita ad andare sul sito www.timantifrode.net ad inserire i propri dati anagrafici, altrimenti la linea sarà disattivata.', 'Come riconosco una mail sospetta?\r\nCosa faccio se ho cliccato su una mail sospetta?\r\n', 'TBT', 'TBTB'),
(17, 'Technical Support', 'Mail', 'Gestione Posta', 'Mail Managing', 'Per consultare la tua casella di posta elettronica @tim.it o @alice.it accedi all''indirizzo https://mail.alice.it con qualsiasi collegamento ad Internet e qualsiasi browser ed inserisci il tuo indirizzo di posta elettronica e la relativa password.\r\n\r\nPer accedere ai tuoi messaggi clicca su POSTA IN ARRIVO  nel menu in alto della tua webmail o dall’indicazione dei messaggi da leggere nella pagina principale di TIM Mail.\r\n\r\nI messaggi ricevuti vengono memorizzati automaticamente nella cartella Posta in arrivo della tua webmail. I messaggi ancora da leggere vengono visualizzati con carattere grassetto ed è possibile personalizzare la visualizzazione dei messaggi modificando l''ordine e l''anteprima. Per scrivere un nuovo messaggio clicca sul tasto Scrivi.\r\n\r\nTi informiamo che Telecom Italia, per preservare i propri clienti dallo spamming, ovvero l’invio e la ricezione di messaggi indesiderati ad un gran numero di destinatari, stabilisce e modifica all’occorrenza il numero massimo di contatti che è possibile inserire in ogni e-mail da inviare e il numero massimo di invii giornalieri che è possibile effettuare.', 'Come attivo il mio indirizzo e-mail?\r\nCome salvo in rubrica altri contatti?', 'BTB', 'BTBT'),
(18, 'Technical Support', 'Mail', 'Gestione Rubrica', 'Address Book Managing', 'La Rubrica  ti consente di avere a disposizione l''elenco dei tuoi contatti personali.\r\n\r\nPer ogni contatto puoi memorizzare uno o più indirizzi di posta elettronica , i numeri di telefono fisso e mobile , pagine web, etc. \r\n\r\nE'' possibile ordinare e raggruppare i contatti in gruppi e puoi effettuare la ricerca mediante informazioni parziali. \r\n\r\n\r\n\r\nPer creare un nuovo contatto, clicca sulla voce  Aggiungi accanto a Contatti nella colonna di sinistra oppure sul pulsante  Nuovo sulla barra in alto a sinistra, si aprirà una colonna a destra dove inserire le informazioni ralative al Nuovo contatto.  \r\nAl termine dell''inserimento, clicca sul pulsante Salva .\r\n\r\nPer modificare un contatto è sufficiente selezionarlo dalla lista e cliccare su Modifica .\r\n\r\nPer importare i contatti da un file esterno o esportare i contatti, seleziona il tasto Importa/Esporta.', 'Come accedo alla mia cartella di posta?\r\nCome faccio a scrivere una mail?', 'TBT', 'TBT'),
(19, 'SmartLife', 'TIMgames', 'Cos’è TIMgames', 'What is TIMgames', 'TIMgames è servizio TIM edicato al gaming che consente a tutti i clienti di scaricare su tablet e smartphone i migliori giochi on demand e in abbonamento per il mondo mobile.\r\n\r\nCon TIMgames avrai a disposizione una library di oltre 1500 giochi, aggiornata ogni settimana con nuovi titoli e giochi in offerta presenti nell’area promozioni dello store.\r\n\r\nTIMgames èaccessibile sia da App (scaricabile da Google Play) che da browser su www.timgames.it L’utente può scegliere la modalità di acquisto preferita tra on demand e abbonamento.', 'Quanto costa TIMgames?\r\nQuali dispositivi supportano TIMgames?', 'TBT', 'BTB'),
(20, 'SmartLife', 'TIMgames', 'Come accedere a TIMgames', 'How to use TIMgames', 'Puoi accedere al servizio TIMgames nei seguenti modi:\r\n\r\nSmartphone e Tablet Android:\r\n\r\nSito mobile www.timgames.it\r\nApp TIMgames scaricabile da Google Play;\r\nN.B.: Con l’abbonamento I love Games promo attivo puoi scaricare da TIMgames tutti i giochi che vuoi sul tuo Smartphone/Tablet.\r\n\r\nApple e Windows Phone:\r\n\r\nSito mobile www.timgames.it\r\nN.B.: Con l’abbonamento I love Games promo attivo puoi accedere a TIMgames e giocare a tutti i giochi che vuoi con il tuo Smartphone/Tablet.\r\n\r\nCon TIMgames è molto semplice giocare, il tuo Smartphone/Tablet vengono riconosciuti in automatico e visualizzi solo i giochi compatibili.', 'Quanto costa TIMgames?\r\nPosso abbonarmi a TIMgames?', 'TBT', 'BTB'),
(21, 'SmartLife', 'TIMreading', 'Cos’è TIMreading', 'What is TIMreading', 'TIMreading è lo Store di TIM che permette di acquistare e leggere eBook, quotidiani e Magazine su PC, Tablet e Smartphone.\r\n\r\nI contenuti disponibili sullo store sono:\r\n\r\n11 quotidiani nazionali e sportivi, completi di allegati ed edizioni locali, disponibili in abbonamento settimanale o mensile sul proprio PC, Tablet o Smartphone, per seguire l’informazione dalle prime ore del mattino\r\n\r\noltre 50 Magazine in copia singola o in abbonamento, per scoprire le nuove tendenze e nuove mete, seguire i gossip e l’attualità\r\n\r\noltre 75.000 eBook tra best seller, gialli, romanzi rosa, classici e tanto altro, per passare il tempo leggendo un buon libro.\r\n\r\n \r\n\r\nPuoi attivare diverse offerte per scoprire il servizio TIMreading:\r\n\r\nabbonamenti a quotidiani e abbonamenti o copie singole di magazine dal sito TIMreading\r\n\r\npresso i Negozi TIM o sul sito TIM l’abbonamento ad un quotidiano a partire da 15,99€/mese, con i primi 3 mesi gratis o l’abbonamento “I Love Mags” per scegliere ogni mese le riviste che preferisci.\r\n\r\npresso i Negozi TIM l’abbonamento ad una rivista a partire da 10,99€/mese e hai un secondo abbonamento a scelta in regalo\r\n\r\nogni eBook ha il proprio prezzo ed ogni giorno su TIMreading almeno un libro è offerto con oltre il 60% di sconto.', 'Cos''è un eBook?\r\nQuali sono le dimensioni di un eBook / Quanto pesa un eBook?\r\nQuali sono le differenze tra il quotidiano acquistabile in digitale e l''equivalente cartaceo?\r\nQuanti byte pesa un quotidiano digitale?\r\nQuali differenze ci sono tra il Magazine acquistabile in digitale e l''equivalente cartaceo?\r\nQuanto pesa un Magazine digitale?', 'TBT', 'BTB'),
(22, 'SmartLife', 'TIMreading', 'Dove leggere', 'Where can i read', 'I contenuti acquistati su TIMreading possono essere sfogliati su diversi dispositivi:\r\n\r\ngli eBook su PC, Tablet e Smartphone\r\n\r\ni Magazine su PC e Tablet\r\n\r\ni quotidiani su PC e Tablet e la maggior parte anche su Smartphone\r\n\r\nPer leggere i nostri eBook e Magazine devi disporre di un Adobe ID, ossia di una username e una password, con il quale Adobe® possa riconoscerti e assicurarsi che nessun altro oltre te possa leggere i contenuti che hai acquistato.\r\n\r\nVedi la pagina successiva di assistenza “Configurare l’Adobe ID”.\r\n\r\n \r\n\r\nLeggere su Tablet\r\n\r\nPer sfogliare eBook e Magazine sul tuo Tablet, bisogna scaricare l''App TIMreading da Google Play® (per terminali Android) o da Apple AppStore® (per terminali iOs). Inserisci le tue credenziali TIMreading ed Adobe: troverai i magazine e gli ebook acquistati in «La mia Edicola» e «La mia Libreria» pronti per essere scaricati e sfogliati.\r\n\r\n \r\n\r\nLeggere su Smartphone\r\n\r\nPuoi sfogliare sul tuo Smartphone gli eBook acquistati su TIMreading e buona parte dei quotidiani disponibili.\r\nPer leggere gli eBook, è necessario scaricare l''App TIMreading da Google Play® da Apple AppStore. Inserisci le tue credenziali TIMreading ed Adobe: troverai gli ebook acquistati in «La mia Libreria» pronti per essere scaricati e sfogliati.\r\nI quotidiani, invece, possono essere sfogliati sul sito mobile o sull’App del giornale che hai acquistato.\r\n\r\n \r\n\r\nLeggere su PC\r\n\r\nSe hai acquistato un eBook o un Magazine (in copia singola o in abbonamento), accedi al sito TIMreading con il tuo account e troverai tutti gli eBook e Magazine che hai acquistato nell’area “Le mie letture”. Per leggere da PC è necessario installare il software Adobe Digital Editions , scaricabile gratuitamente.', 'Devo essere connesso a Internet quando leggo il mio eBook?\r\nDevo essere necessariamente online per leggere un quotidiano?\r\nDevo essere necessariamente online per leggere un Magazine su PC e Tablet?', 'TBT', 'TBT'),
(23, 'SmartLife', 'TIMvision', 'Cos''è TIMvision', 'What is TIMvision', 'TIMvision è la nuova risposta alle esigenze di intrattenimento per tutta la famiglia. E’ la TV interamente on demand di TIM che tramite una connessione ADSL Illimitata o Fibra ti permette di godere di migliaia di titoli: il grande cinema, le serie TV più appassionanti, i cartoni animati più amati e tanto altro ancora come documentari, reportage e musica.\r\n\r\n \r\n\r\nI clienti TIMvision possono accedere a:\r\n\r\nTIMvision TV\r\nVideostore\r\nFree\r\nReplay TV\r\nL''abbonamento TIMvision ti permette di guardare tutti i contenuti su PC, Smart TV o TV con Decoder, tablet e smartphone senza consumare Giga, quando e dove vuoi.\r\n\r\n ', 'Quanto costa TIMvision?\r\nSu quali dispositivi posso utilizzare TIMvision?', 'TBT', 'TBT'),
(24, 'SmartLife', 'TIMvision', 'Dove posso vedere TIMvision', 'Where can i use TIMvision', 'TIMvision è un servizio disponibile per clienti Telecom Italia e TIM e per clienti di altri operatori di telefonia fissa.\r\n\r\nDa qualsiasi TV tramite apposito decoder, da Smart TV e Blu-ray (Samsung e LG) compatibili, dal sito timvision.it, da app TIMvision per pc connessi con chiavetta TIM (massimo12 pollici), da app per Tablet e Smartphone, da app per sistema operativo Windows 8.\r\n\r\nCon l’abbonamento TIMvision è possibile vedere tutti i titoli fino a 6 diversi dispositivi senza alcun costo aggiuntivo. Il traffico Internet per la visione dei titoli su rete TIM è gratuito, infatti la visione non erode il traffico dati del proprio abbonamento.', 'Quanto costa TIMvision?\r\nCome posso abbonarmi a TIMvision?', 'TBT', 'BTBT');

-- --------------------------------------------------------

--
-- Table structure for table `devices`
--

DROP TABLE IF EXISTS `devices`;
CREATE TABLE IF NOT EXISTS `devices` (
  `id` int(11) UNSIGNED NOT NULL AUTO_INCREMENT,
  `category` varchar(20) COLLATE utf8_unicode_ci NOT NULL,
  `brand` varchar(20) COLLATE utf8_unicode_ci NOT NULL,
  `model` varchar(20) COLLATE utf8_unicode_ci NOT NULL,
  `price` decimal(10,2) UNSIGNED NOT NULL,
  `promotion` tinyint(1) UNSIGNED NOT NULL,
  `shortedprice` decimal(10,2) UNSIGNED DEFAULT NULL,
  `image` varchar(80) COLLATE utf8_unicode_ci NOT NULL,
  `pres_it` text COLLATE utf8_unicode_ci NOT NULL,
  `desc_it` text COLLATE utf8_unicode_ci NOT NULL,
  `spec_it` text COLLATE utf8_unicode_ci NOT NULL,
  `pres_en` text COLLATE utf8_unicode_ci NOT NULL,
  `desc_en` text COLLATE utf8_unicode_ci NOT NULL,
  `spec_en` text COLLATE utf8_unicode_ci NOT NULL,
  PRIMARY KEY (`id`)
) ENGINE=InnoDB AUTO_INCREMENT=36 DEFAULT CHARSET=utf8 COLLATE=utf8_unicode_ci;

--
-- Dumping data for table `devices`
--

INSERT INTO `devices` (`id`, `category`, `brand`, `model`, `price`, `promotion`, `shortedprice`, `image`, `pres_it`, `desc_it`, `spec_it`, `pres_en`, `desc_en`, `spec_en`) VALUES
(1, 'Smartphones', 'LG', 'G5', '699.90', 0, NULL, 'assets/images/devices/LG_G5.jpg', 'Sistema Operativo Android 6.0\r\nDisplay 5.3”\r\nProcessore Snapdragon™ 820 QuadCore 2.15 GHz - 4G LTE', 'LG G5\r\n\r\nIl nuovo LG G5 è uno nuovo tipo di smartphone che supera tutti i limiti, con un design modulare completamete in metallo che rivoluziona i canoni di design. Espandi le funzioni, interagisci con gli innovativi LG Friends e prova un''esperienza smartphone realmente innovativa. La rivoluzione di G5 continua con la doppia fotocamera grandangolare, che cattura più di quanto i tuoi occhi riescano a vedere. Anche sotto il sole, perché il nuovo display IPS Quantum è più ricco, luminoso e colorato anche sotto la luce diretta del sole. E ti mostra sempre le notifiche principali anche quando non è attivo. Nuovo LG G5: quello che non ti aspetti, nel palmo della tua mano.\r\n\r\nCOMPLETAMENTE IN METALLO\r\n\r\nBellezza e raffinatezza nel palmo della tua mano. Cerchi da sempre la cura nei dettagli e l''eleganza dei materiali, ed eccoli qui. Il metallo e il vetro si uniscono morbidamente in una forma semplicemente iconica. Che ti dà sensazioni tutte da provare.\r\n\r\nDESIGN MODULARE\r\n\r\nLiberati dalle convenzioni. Il nuovo design modulare con batteria a slitta ti permettere di avere tutto quello che gli altri non hanno mai saputo darti. La libertà di avere uno smartphone in metallo e di poter cambiare la batteria quando desideri. E di espandere le funzioni con nuovi moduli.\r\n\r\nDOPPIA FOTOCAMERA CON LENTI GRANDANGOLARI\r\n\r\nCattura tutto ciò che vedi! I nostri occhi vedono più di quanto una fotocamera convenzionale riesca a catturare. Ma con LG G5 puoi fare anche di più, perché ha due fotocamere. Con la prima cogli tutti i dettagli. Con la lente grandangolare a 135° della seconda, invece, catturi perfino più di quanto vedono i tuoi occhi. Grattacieli, un concerto o l''intera spiaggia dove ti trovi vivranno nitidi sul tuo nuovo G5\r\n\r\nLUMINOSITÀ ESTREMA\r\n\r\nEcco uno schermo davvero intelligente. Che riconosce quando sei sotto la luce diretta del sole per offrirti una leggibilità sempre ottimale. Il nuovo display IPS Quantum è più luminoso, più colorato e più chiaro anche in pieno sole.\r\n', 'Tecnologia: 4G cat6 /HSDPA42/UMTS/EDGE/GPRS Frequenze 850/900/1800/1900/2100\r\n\r\nConnettività: Wi-Fi - Bluetooth – Infrarosso - USB tipo C – NFC\r\n\r\nGPS: Integrato\r\n\r\nDisplay: 5.3” 16 Milioni colori Touch\r\n\r\nFotocamera: 2 Fotocamere Posteriori da 16 Mpxl con flash e Fotocamera frontale 8 Mpx\r\n\r\nMemoria Interna: 32GB\r\nSlot Memory Card Micro SD fino a 2TB\r\n\r\nProcessore: Processore Snapdragon™ 820 QuadCore 2.15 GHz - 4G LTE\r\n\r\nFormato SIM: Nano\r\n\r\nVideo: Video Recorder&Playback\r\n\r\nMusica: MP3 Player\r\n\r\nIn dotazione: Caricabatteria\r\nCavo dati USB tipo C\r\nAuricolare stereo\r\nManuale d’uso rapido\r\n\r\nDimensioni: 149,4x73,9x7,3 mm\r\n\r\nPeso: 159 gr.\r\n\r\nAutonomia(*): Stand-by fino a 100 ore - ?Conversazione fino a 240 min.\r\n\r\n(*) Le prestazioni delle batterie dipendono da vari fattori tra cui la vicinanza delle antenne, lo stato delle batterie, la posizione geografica e il tipo di rete utilizzata.\r\n', 'TBT', 'TBT', 'TBT'),
(2, 'Smartphones', 'Samsung', 'Galaxy J5', '269.90', 1, '229.90', 'assets/images/devices/GALAXY_J5.jpg', 'Sistema Operativo Android 5.1\r\nDisplay 5.2” 16 Milioni colori Touch\r\nProcessore QuadCore 1.2 Ghz', 'NULL', 'Tecnologia: 4G/HSDPA42/UMTS/EDGE/GPRS Frequenze 850/900/1800/1900/2100\r\n\r\nConnettività: Wi-Fi - Bluetooth - Micro USB - NFC\r\n\r\nGPS: Ricevitore GPS Integrato\r\n\r\nDisplay: Display 5.2” 16 Milioni colori Touch\r\n\r\nFotocamera: Fotocamera 13 Mpixel/Flash\r\n\r\nMemoria: Memoria interna 16GB - Slot Memory Card Micro SD fino a 128GB\r\n\r\nProcessore: Processore QuadCore 1.2 Ghz\r\n\r\nFormato SIM: SIM Micro\r\n\r\nVideo: Video Recorder&Playback\r\n\r\nMusica: MP3 Player - Radio FM\r\n\r\nIn dotazione: Caricabatteria - Cavo dati - Auricolare - Manuale d’uso rapido\r\n\r\nDimensioni: 145,8x72,3x8,1 mm\r\n\r\nPeso: 158 gr\r\n\r\n(*) Le prestazioni delle batterie dipendono da vari fattori tra cui la vicinanza delle antenne, lo stato delle batterie, la posizione geografica e il tipo di rete utilizzata.', 'TBT', 'TBT', 'TBT'),
(3, 'Smartphones', 'Huawei', 'P9 Plus', '749.90', 0, NULL, 'assets/images/devices/HUAWEI_P9_PLUS.jpg', 'Sistema Operativo Android 6.0\r\nDisplay Full HD Amoled da 5.5’’\r\nDoppia Fotocamera Leica da 12 Mpxl Dual Flash + anteriore da 8 Mpxl\r\nProcessore Kirin 955 - Octa-Core (4x2,5 GHz + 4x1,8 GHz)', 'DESIGN ELEGANTE, CURA NEI DETTAGLI\r\n\r\nL’esperienza di Huawei P9 si eleva ad un livello superiore con Huawei P9 Plus grazie al luminoso display da 5.5” e l’elegante corpo in metallo\r\n\r\nREINVENT SMARTPHONE PHOTOGRAPHY\r\n\r\nGrazie al perfetto connubio tra hardware e software di classe superiore della doppia fotocamera Leica, P9 Plus consente di catturare immagini di assoluta qualità senza rinunciare al design compatto ed elegante.\r\n\r\nUN INNOVATIVO SISTEMA A DOPPIA FOTOCAMERA\r\n\r\nP9 Plus è in grado di catturare immagini dai colori luminosi e garantire al contempo una resa in bianco e nero straordinaria; il tutto con lo stile senza tempo di Leica.La tecnologia con doppia fotocamera di P9 Plus consente di catturare una maggiore quantità di luce, combinando al meglio la qualità del colore acquisito dal sensore RGB con i dettagli ottenuti dal sensore in bianco e nero. Il tutto per garantire il massimo risultato ad ogni scatto.La doppia fotocamera da 12MP con pixel da 1,25µm ottimizza gli scatti in condizioni di scarsa illuminazione, mentre la tecnologia IMAGEsmart 5.0 di P9 Plus garantisce la massima qualità di immagine in ogni circostanza.L’algoritmo sviluppato in collaborazione con Leica assicura una qualità di immagine propria di una macchina fotografica, anche in condizioni di scarsa illuminazione.\r\n\r\nUN DISPLAY FULL HD DA 5,5", PIÙ AMPIO E PIÙ LUMINOSO\r\n\r\nGrazie alla tecnologia AMOLED, l’ampio display Full HD da 5,5" offre una maggiore saturazione del colore e un contrasto più elevato, per un’esperienza visiva sempre più intensa.\r\n\r\nMAGGIORE AUTONOMIA E RICARICA RAPIDA\r\n\r\nLa batteria da 3400mAh con di ricarica rapida garantisce un’autonomia più elevata.\r\n\r\nAVANZATA TECNOLOGIA ‘PRESS TOUCH’\r\n\r\nP9 Plus è dotato dell’innovativa tecnologia ‘Press Touch’, basata sul riconoscimento della pressione effettuata sul display.La nuova e ottimizzata tecnologia ‘Press Touch’ rileva le più impercettibili variazioni di pressione sullo schermo garantendo la massima interattività e reattività dello smartphone.Visualizza le anteprime delle immagini, ingrandiscine i dettagli, ed accedi rapidamente alle applicazioni con il menu di scelta rapida a comparsa.', 'Connettività: 4G cat.6/HSPA+/EDGE/GPRS Frequenze 850/900/1800/1900Wi-Fi 802.11 a/b/g/n/ac Wi-Fi Direct, Bluetooth 4.2, NFC, Sensore d''impronta, Infrarosso\r\n\r\nGPS: GPS Integrato, A-GPS, Glonass, BDS\r\n\r\nDisplay: Display Full HD Amoled da 5.5’’’\r\n\r\nFotocamera: Doppia Fotocamera Leica da 12 Mpxl Dual Flash + anteriore da 8 Mpxl\r\n\r\nMemoria Interna: 64GB, Micro SD fino a 128 GB\r\n\r\nProcessore: Processore Kirin 955 - Octa-Core (4x2,5 GHz + 4x1,8 GHz)\r\n\r\nIn dotazione: Smartphone Auricolari stereo - Caricabatteria Cavo USB Type-C - Estrattore SIM Guida rapida\r\n\r\nDimensioni: 152.3 x 75.3 x 6.98 mm\r\n\r\nPeso: 162 grammi', 'tbt', 'tbt', 'tbt'),
(4, 'Smartphones', 'Apple', 'iPhone SE 16GB', '509.90', 0, NULL, 'assets/images/devices/APPLE_IPHONE_SE.jpg', 'Display Retina da 4" con risoluzione di 1136x640 pixel" HD\r\nChip A9 con architettura a 64 bit\r\nFotocamera iSight da 12MP con Focus Pixels e flash True Tone\r\nRegistrazione video 4K a 30fps, moviola a 240 fps\r\nVideocamera FaceTime HD (foto da 1,2 MP) con Retina Flash\r\nSensore di impronte digitali Touch ID', 'Il telefono da 4" più potente di sempre. iPhone SE riprende un design compatto di grande successo aggiungendovi due fotocamere evolute e una potenza di elaborazione incredibile.Disegnato per stare comodamente in mano e risultare piacevole al tatto, grazie alla finitura satinata del guscio in alluminio microsabbiato.\r\n\r\niPhone SE ha un display Retina da 4’’, chip A9 con archittetura a 64 bit di livello desktop, sensore di impronte digitali Touch ID, fotocamera iSight da 12MP, videocamera FaceTime HD con Retina flash, Live Photos e connessioni Wi-Fi e 4G veloci. E ancora, iOS 9 e iCloud.', 'Display: Retina Multi-Touch widescreen retroilluminato LED da 4" (diagonale) 1136x640 pixel a 326 ppi\r\n\r\nProcessore: Chip A9 con architettura a 64 bit, Coprocessore di movimento M9 integrato\r\n\r\nFotocamera: Fotocamera iSight da 12 megapixel\r\n\r\nVideocamera: FaceTime HD\r\n\r\nSensori: Sensore di impronte digitali Touch ID\r\n\r\nConnettività: 4G LTE\r\n\r\nSistema Operativo: iOS 9 e iCloud\r\n\r\nColori: Disponibile in Space Grey, Silver, Gold e Rose Gold', 'TBT', 'TBT', 'TBT'),
(5, 'Smartphones', 'LG', 'K8', '179.90', 0, NULL, 'assets/images/devices/LG_K8.jpg', '4G LTE - NFC\r\nSistema Operativo Android 6\r\nDisplay 5”\r\nProcessore QuadCore 1.3 GHz', 'SCEGLI IL TUO STILE\r\n\r\nLa nuova serie K di LG ti offre una gamma di smartphone che rispecchiano la tua personalità. LG K8 ti accompagna nei tuoi viaggi e ti sorprenderà con selfie dettagliati tutti da condividere con la velocità della rete 4G LTE\r\n\r\nDESIGN CON VETRO SMUSSATO\r\n\r\nDatti un tono! LG K8 ha un design che lascia a bocca aperta grazie al profilo del vetro smussato e alla forma arrotondata. In più è più ergonomico e garantisce una presa più salda grazie alla lavorazione della cover posteriore.\r\n\r\nFOTOCAMERA E FLASH VIRTUALE\r\n\r\nCattura i le situazioni più divertenti della giornata con la fotocamera da 8 Megapixel. E'' sufficiente un tocco sul display e K8 mette a fuoco e scatta immediatamente. Anche per i selfie puoi contare sulla fotocamera frontale da 5 Megapixel con la funzione flash virtuale che illumina il tuo volto, così i tuoi selfie saranno illuminati come si deve, mentre tutti gli altri... scatteranno selfie scuri!\r\n\r\nDISPLAY DA 5"\r\n\r\nGuarda le tue foto e i tuoi video sul display ampio da ben 5".\r\n\r\n', 'Tecnologia: 4G cat.4/HSDPA42/UMTS/EDGE/GPRS Frequenze 850/900/1800/1900/2100\r\n\r\nConnettiviTà: Wi-Fi - Bluetooth - Micro USB - NFC\r\n\r\nGPS: Integrato\r\n\r\nDisplay: 5” 16 Milioni colori Touch\r\n\r\nFotocamera: Posteriore da 8 Mpxl con flash\r\n\r\nMemoria Interna: 8GB con Slot Memory Card Micro SD fino a 32GB\r\n\r\nProcessore: Processore QuadCore 1.3 GHz\r\n\r\nFormato SIM: Nano-sim\r\n\r\nAudio e Video: Video Recorder&Playback - MP3 Player - Radio FM\r\n\r\nIn dotazione: Caricabatteria, Cavo dati USB, Manuale d’uso rapido, Auricolare stereo\r\n\r\nDimensioni: 144,6x71,5x8,7 mm\r\n\r\nPeso: 142 gr.\r\n\r\nAutonomia: Stand-by fino a 100 ore -  Conversazione fino a 240 min.', 'TBT', 'TBT', 'TBT'),
(6, 'Smartphones', 'Samsung', 'S7 edge', '829.90', 0, NULL, 'assets/images/devices/SAMSUNG_S7EDGE.jpg', 'Sistema Operativo Android 6.0\r\nDisplay 5.5”\r\nProcessore OctaCore (QuadCore 2.3 Ghz + QuadCore 1.6 Ghz)', 'null', 'Tecnologia: 4G cat.9/HSDPA42UMTS/EDGE/GPRS Frequenze 850/900/1800/1900/2100\r\n\r\nConnettività: Wi-Fi - Bluetooth - Micro USB - NFC\r\n\r\nGPS: Integrato\r\n\r\nDisplay: 5.5” 16 Milioni colori Touch\r\n\r\nFotocamera: 12 Mpixel/Flash\r\n\r\nMemoria Interna: 32GB\r\n\r\nProcessore: OctaCore: (QuadCore 2.3 Ghz+QuadCore 1.6 Ghz)\r\n\r\nFormato SIM: Nano\r\n\r\nVideo: Video Recorder&Playback\r\n\r\nMusica: MP3 Player\r\n\r\nIn dotazione: Caricabatteria - Cavo Dati MicroUSB - Auricolare stereo - Guida di riferimento rapido\r\n\r\nDimensioni: 150,9x72,6x7,7 mm\r\n\r\nPeso: 157 gr.\r\n\r\nAutonomia: Stand-by fino a TBD ore - Conversazione fino a TBD min\r\n\r\n', 'tbt', 'tbt', 'tbt'),
(7, 'Smartphones', 'Apple', 'iPhone 5s 16GB', '479.90', 1, '329.90', 'assets/images/devices/APPLE_IPHONE_5S.jpg', 'Sistema Operativo iOS 8\r\nDisplay Retina da 4"\r\nChip A7 con coprocessore di movimento M7\r\nFotocamera iSight da 8 megapixel', 'Chip A7 con architettura a 64 bit, sensore di impronte digitali Touch ID,nuova fotocamera iSight da 8 megapixel e nuova videocamera FaceTime HD,reti 4G LTE1 ultraveloci, iOS 8 e iCloud: iPhone 5s è davvero all’avanguardia.Eppure è sottile e leggero come sempre.', 'Display: Retina da 4"\r\n\r\nProcessore: Chip A7 con coprocessore di movimento M7\r\n\r\nSensori: impronte digitali Touch ID\r\n\r\nFotocamera: iSight da 8 megapixel con flash True Tone - Registrazione video HD a 1080p - Videocamera FaceTime\r\n\r\nConnettività: Reti 4G LTE ultraveloci1\r\n\r\nApplicazioni: Oltre 900.000 app sull’App Store2\r\n\r\nSistema Operativo: iOS 8: l’OS mobile più evoluto al mondo\r\n\r\nCloud: iCloud: I tuoi contenuti, su tutti i tuoi dispositivi', 'TBT', 'TBT', 'TBT'),
(8, 'Smartphones', 'Microsoft', 'Lumia 950', '599.90', 1, '499.90', 'assets/images/devices/MICROSOFT_LUMIA_950.jpg', '4GPLUS\r\nSistema Operativo Windows 10 Mobile\r\nDisplay 5.2”\r\nProcessore Snapdragon™ 808 HexaCore 1.8 Ghz  - 4G  ', 'Funzionalità di livello superiore, design eccellente e la migliore esperienza con Windows 10: scegli Lumia 950 e trasforma un momento qualsiasi in una grande conquista.', 'Tecnologia: 4G cat.6/HSDPA 42/UMTS/EDGE/GPRS Frequenze 850/900/1800/1900\r\n\r\nConnettività: Wi-Fi - Bluetooth - Micro USB - NFC \r\n\r\nGPS: Integrato\r\n\r\nDisplay: 5.2” 16 Milioni colori Touch\r\n\r\nFotocamera: 20 Mpixel/Flash\r\n\r\nMemoria Interna: 32 GB\r\n\r\nSlot Memory Card: Micro SD fino a 2TB\r\n\r\nProcessore: HexaCore 1.8 GHz\r\n\r\nFormato SIM: Nano\r\n\r\nVideo: Video Recorder&Playback\r\n\r\nMusica: MP3 Player\r\n\r\nIn dotazione: Caricabatteria standard\r\nAuricolare stereo \r\nCavo Dati  USB Type C \r\nManuale d’uso\r\n\r\nDimensioni: 45x73,2x8,25 mm\r\n\r\nPeso: 150 grammi\r\n\r\nAutonomia: Stand-by fino a 275 ore - Conversazione fino a 1080 min.', 'tbt', 'tbt', 'tbt'),
(9, 'Smartphones', 'Sony', 'XPERIA X', '629.90', 0, NULL, 'assets/images/devices/SONY_XPERIA_X.jpg', 'Sistema Operativo Android 6.0\r\nDisplay HD 5"\r\nProcessore Snapdragon® 650 HexaCore 1.8+1.4 Ghz\r\nFotocamera da 23 Mpxl Exmor, anteriore da 13 Mpxl', 'Il capolavoro\r\n\r\nUno smartphone dalle prestazioni inimitabili che integra una sensazionale fotocamera in grado di predire il prossimo movimento del soggetto..\r\n\r\nUna fotocamera senza rivali\r\n\r\nXperia X Performance integra la nuova fotocamera firmata Sony, più veloce e smart che mai. Tempi di risposta più rapidi, messa a fuoco più intelligente e rivoluzionaria velocità di otturazione adattiva: avrai tutto il necessario per scatti incredibilmente nitidi, in qualsiasi condizione. La messa a fuoco automatica ibrida intuitiva di Xperia X Performance utilizza le tecnologie delle fotocamere Sony e ti permette di cogliere qualsiasi movimento. Basta scegliere il soggetto da mettere a fuoco e la fotocamera lo seguirà automaticamente, anche quando si muove. La messa a fuoco è sempre chiara e il soggetto sempre nitido: non dovrai più preoccuparti di seguire la scena. Pensa a tutto il tuo smartphone.\r\n\r\nLa fotocamera da 23 MP che non teme i movimenti improvvisi\r\n\r\nLa nostra rapidissima fotocamera è in grado di passare dallo standby allo scatto in meno di 0,6 secondi. Grazie all''incredibile rapidità di avvio, messa a fuoco automatica ibrida ed elaborazione dell''immagine, potrai cogliere i momenti più inattesi.\r\n\r\nUn tocco di classe\r\n\r\nBasta prendere Xperia X Performance in mano per accorgersi di quanto sia speciale: lasciati conquistare dal display curvo e dalla parte posteriore monoblocco in metallo. Scegli fra Nero grafite o Bianco per un esclusivo effetto satinato. Oppure le versioni Oro lime e Oro rosa per un tocco di eleganza. Xperia X Performance riflette i tuoi gusti e il tuo stile di vita. L''ultima versione del classico modello Sony è caratterizzata da un design straordinariamente semplice, ancora più comodo grazie ai bordi ricurvi e al display da 5". E l''interfaccia utente non è da meno, con un look sempre più personalizzato e un approccio più intuitivo.\r\n\r\nInarrestabile potenza\r\n\r\nXperia X Performance è dotato di un rapidissimo processore Snapdragon 820 e di velocità di connessione Cat91 per prestazioni senza rivali. Preparati a restare a bocca aperta.\r\n\r\nStreaming alla velocità della luce\r\n\r\nConnettività ultra rapida per un intrattenimento ininterrotto. Vuoi guardare un film in streaming su Netflix o scaricare il tuo podcast preferito? Dì addio ai tempi di attesa. Grazie all''ultimo processore Snapdragon 820 e a una connettività senza rivali, Xperia X Performance ti permette di accedere ai contenuti multimediali desiderati in un batter d''occhio e con estrema facilità, senza buffering o ritardi.', 'Tecnologia: Abilitato tecnologia 4G/HSDPA 42/UMTS/EDGE/GPRS Frequenze 850/900/1800/1900\r\n\r\nConnettività: Wi-Fi - Bluetooth - Micro USB - NFC\r\n\r\nGPS: Integrato\r\n\r\nDisplay: Full HD da 5” 1080p, Display TRILUMINOS\r\n\r\nFotocamera: Posteriore da 23 Mpixel Exmor, Anteriore da 13 Mpxl\r\n\r\nMemoria: Interna 3GB - Slot Memory Card Micro SD fino a 200GB\r\n\r\nProcessore: Processore Qualcomm® Snapdragon™ 650 Hexa-Core (1.8 GHz + 1.4 GHz)\r\n\r\nVideo: Video Recorder&Playback\r\n\r\nMusica: MP3 Player - Radio FM\r\n\r\nIn dotazione: Auricolare stereo - Caricabatteria - Cavo dati - Guida di riferimento rapido\r\n\r\nDimensioni: 143,7 x 70,5 x 8,6 mm\r\n\r\nPeso: 165 grammi\r\n\r\nAutonomia: Stand-by fino a 779 ore - Conversazione fino a 790 min', 'tbt', 'tbt', 'tbt'),
(10, 'Smartphones', 'ZTE', 'Blade L5', '79.90', 0, NULL, 'assets/images/devices/ZTE_BLADE_L5.jpg', 'Sistema Operativo Android 5.1\r\nDisplay 5”\r\nProcessore DualCore 1.3 GHz\r\nFotocamera 8 Mpixel/Flash', 'null', 'Connettività: HSDPA21/UMTS/EDGE/GPRS - Wi-Fi - Bluetooth - Micro USB - Ricevitore GPS Integrato\r\n\r\nFrequenze: 850/900/1800/1900/2100\r\n\r\nDisplay: 5” 16 Milioni colori Touch\r\n\r\nFotocamera: 8 Mpixel/Flash\r\n\r\nMemoria: 8GB - Slot Memory Card Micro SD fino a 32GB\r\n\r\nProcessore: DualCore 1.3 GHz\r\n\r\nMultimedia: Video Recorder&Playback - MP3 Player - Radio FM\r\n\r\nIn dotazione: Caricabatteria - Cavo Dati – Auricolare stereo - Guida di riferimento rapido\r\n\r\nDimensioni: 143,5 x 71,8 x 8,6 mm\r\n\r\nPeso: 142 gr.\r\n\r\nAutonomia: Stand-by fino a 500 ore - Conversazione fino a 240 min', 'tbt', 'tbt', 'tbt'),
(11, 'Tablet', 'Apple', 'iPad Pro 128GB', '1249.90', 0, NULL, 'assets/images/devices/APPLE_IPAD_PRO.jpg', 'Wi-Fi + Cellulare (4G LTE)\r\nRetina Display 12.9” (2732x2048) Led IPS\r\nSistema Operativo iOS 9 (co-processore M9)\r\nFotocamera iSight da 8 megapixel', 'Con iPad hai scoperto un mondo completamente nuovo, semplice e coinvolgente. Oggi iPad Pro, con la tecnologia Multi‑Touch perfezionata, il suo grande display Retina da 12,9" e prestazioni della CPU quasi raddoppiate rispetto a iPad Air 2, è pronto ad allargare ancora una volta i tuoi orizzonti. Non è solo più grande. È un iPad che ti permetterà di lavorare e creare in una dimensione tutta nuova, come non hai mai fatto prima.\r\n\r\nCon 5,6 milioni di pixel, iPad Pro ha il display Retina a più alta risoluzione mai visto su un dispositivo iOS. Montare video 4K, creare presentazioni, gestire un’azienda: sul display da 12,9" tutto è più facile, veloce e coinvolgente. E con il Multi‑Touch riprogettato scoprirai nuovi modi per interagire con il tuo iPad.\r\n\r\nNonostante il suo grande display, iPad Pro è sorprendentemente sottile e leggero: solo 6,9 mm di spessore e appena 713 grammi. Grazie al guscio unibody, è anche resistente e ben bilanciato. Ma forse l’aspetto più incredibile di iPad Pro è un altro: è talmente comodo che quasi ti dimentichi di averlo in mano', 'Display: Retina Display 12.9”\r\n\r\nSensori: impronte digitali Touch ID\r\n\r\nProcessore: co-processore M9\r\n\r\nFotocamera: iSight da 8MP\r\n\r\nVideocamera: FaceTime HD\r\n\r\nConnettività: LTE /HSDPA-DC 42.2/HSUPA 5.76/, Wi-Fi 802.11a/b/g/n/ac e MIMO, Bluetooth 4.2\r\n\r\nBatteria: Fino a 10 ore di autonomia', 'tbt', 'tbt', 'tbt'),
(12, 'Tablet', 'Apple', 'iPad Pro 9.7'''' 256GB', '1199.90', 0, NULL, 'assets/images/devices/APPLE_IPAD_PRO_9.7.jpg', 'Display Retina da 9,7" (diagonale) con True Tone e rivestimento antiriflesso\r\nChip A9 con architettura a 64 bit di livello desktop\r\nSensore di impronte digitali Touch ID\r\nFotocamera iSight da 12MP con video a 4K\r\nVideocamera FaceTime HD (foto da 5MP)', 'iPad Pro 9,7” è un concentrato mai visto di portatilità e prestazioni. È spesso solo 6,1 millimetri e pesa meno di 500 grammi, ma ha il display Retina più luminoso ed evoluto di sempre: con i suoi sensori True Tone si adegua alla luce ambientale, così gli occhi non si affaticano. In più hai il potente chip A9X a 64 bit di livello desktop, audio a quattro altoparlanti, fotocamera iSight e videocamera FaceTime HD, sensore di impronte digitali Touch ID, connessioni ultraveloci su Wi-Fi e 4G LTE e fino a 10 ore di autonomia.2 Advanced,1 ancora di più? Aggiungi l’ultraprecisa Apple Pencil e la Smart Keyboard, e iPad Pro ti diventerà ancora più indispensabile', 'Display: Retina Display 9,7” (diagonale) con True Tone e rivestimento antiriflesso\r\n\r\nSensori: impronte digitali Touch ID\r\n\r\nProcessore: Chip A9X di terza generazione con architettura a 64 bit di livello desktop\r\n\r\nFotocamera: iSight da 12MP con video a 4K\r\n\r\nVideocamera: FaceTime HD (foto da 5MP)\r\n\r\nConnettività: 4G LTE Advanced, Wi-Fi 802.11ac con tecnologia MIMO\r\n\r\nBatteria: Fino a 10 ore di autonomia', 'tbt', 'tbt', 'tbt'),
(13, 'Tablet', 'Samsung', 'Galaxy TAB A 9.7''''', '349.90', 1, '299.90', 'assets/images/devices/SAMSUNG_GALAXY_TABA_9.7.jpg', 'Sistema Operativo Android 5.0\r\nDisplay 9.7” TFT\r\nProcessore Snapdragon™ 410 QuadCore 1.2 GHz', 'Design sottile e moderno\r\n\r\nLo stile essenziale e la cornice metallizzata esaltano il nuovo formato 4:3, donando a Galaxy TAB A un look moderno e sofisticato, garantendo la massima maneggevolezza grazie ai 7,5 millimetri di spessore e solo 456 grammi di peso.\r\nEsperienza visiva ottimizzata\r\n\r\nProgettato per essere il tablet più portatile della categoria, Galaxy TAB A non accetta compromessi, regalandoti uno schermo più ampio rispetto ad altri tablet. Un nuovo display, ideale per visualizzare in modo ottimale presentazioni, siti web, pubblicazioni, e-book ed e-mail.\r\nFoto perfette con Auto Focus\r\n\r\nLa fotocamera da 5 MP con messa a fuoco automatica permette di ottenere immagini sempre chiare e definite con la massima semplicità e in qualsiasi condizione. È anche possibile eseguire facilmente scansioni di codici QR e codici a barre migliorando l''interazione con il mondo che ti circonda.\r\nInteressanti contenuti e servizi gratuiti\r\n\r\nL''esperienza di GALAXY TAB A è arricchita dai numerosi contenuti disponbili per te. Potrai leggere le tue riviste preferite grazie ai 6 mesi inclusi con MagBox e goderti un fantasitico e-book al mese per un anno con Kindle for Samsung.\r\nPrestazioni eccellenti\r\n\r\nGrazie al processore Quad Core da 1.2GHz, 2GB di RAM, alla versione più recente di Android Lollipop e alla funzione Multischermo, è il dispositivo perfetto per chi prova per la prima volta un Tablet e per chi cerca un prodotto performante.\r\nContenuti divertenti e protetti per i più piccoli\r\n\r\nCon la Modalità Bambino i più piccoli possono usare Galaxy Tab A che ha una loro area dedicata. Questa modalità prevede un’interfaccia divertente e protetta.\r\nScatto continuo\r\n\r\nGrazie alla funzione Scatto Continuo potrete catturare rapidamente una serie successiva di scatti per immortalare ogni momento in rapida successione senza perdere nemmeno un secondo. Lo Scatto Continuo può essere attivato semplicemente tenendo premuta l''icona di scatto.\r\nConnessione senza problemi\r\n\r\nLa Connessione Rapida* e Bluetooth tra SmartTV e TAB A controlla il TV dal Tablet, condivide i contenuti, e trasforma il tablet in un secondo display TV.*Funzione disponibile solo con i prodotti Tizen TV con Bluetooth in vendita dal 2015 o successivi.', 'Display: 9.7” TFT,1024x768 (4:3)\r\n\r\nProcessore: Snapdragon 410 QuadCore da 1.2 GHz\r\n\r\nMemoria: Interna 16GB (espandibile fino a 128GB), 2GB di Ram\r\n\r\nTecnologia: LTE/HSDPA/HSUPA\r\n\r\nConnettività: Wi-Fi 802.11 a/b/g/n - Bluetooth 4.0 - micro USB\r\n\r\nSistema Operativo: Android™ 5.0.2\r\n\r\nApplicazioni: Android Market, Google Mobile App, Youtube, Inserimento testo e ricerca vocale, E-mail, A-GPS, SMS/MMS\r\n\r\nFotocamera: \r\nFront: 2 Mpxl - Back: 5 Mpxl\r\n\r\nLettore Multimediale: aac,amr,awb,mp3,ogg,wav, DivX, XviD, MPEG4, VP8, H.263, H.264\r\n\r\nDimensioni: 242,5 x 166,8 x 7,4 mm\r\n\r\nPeso: 455 grammi\r\n\r\nAutonomia: Stand-by fino a 250h - 43 ore in chiamata\r\n\r\nIn dotazione: Carica batteria - Manuale d''uso - Cavo dati USB', 'TBT', 'TBT', 'TBT'),
(14, 'Tablet', 'Huawei', 'Mediapad T1 10 LTE', '249.90', 0, NULL, 'assets/images/devices/HUAWEI_MEDIAPAD_T1_10_LTE.jpg', 'Display 9.6” PS\r\nSistema Operativo Android™ 4.4\r\nProcessore Snapdragon™ 200 QuadCore 1.2 GHz', 'NOPE', 'Connettività: LTE, HSDPA+ 42.2Mbps/HSUPA 5.76/, Wi-Fi 802.11b/g/n, Bluetooth 3.0\r\n\r\nDisplay: 9.6" (1280x800) IPS 16M di colori\r\n\r\nVideo/Audio/Picture: 2 Fotocamera da 5 Mpx e VGA Lettore multimediale - MP3, WAV, 3GP, AAC, AAC+ e-AAC+, JPG, PNG,GIF, BMP, WMV, H264, Mpeg4, 1080p/30fps\r\n\r\nMemoria: 8GB (espandibile fino a 64GB)\r\n\r\nProcessore: Quad-core 1.2GHz\r\n\r\nSistema Operativo: AndroidTM 4.4 KitKat\r\n\r\nApplicazioni: Google Mobile Services, Youtube, E-mail, GPS e A-GPS, SMS, Invio e ricezione, chiamata voce.\r\n\r\nIn dotazione: Caricabatteria - Manuale d’uso\r\n\r\nDimensioni: 248,5 x 150 x8,3 mm\r\n\r\nPeso: 433 grammi\r\n\r\nAutonomia: Stand-by fino a 300h', 'TBT', 'TBT', 'TBT'),
(15, 'Tablet', 'Samsung', 'Galaxy View 18.4''''', '799.90', 0, NULL, 'assets/images/devices/SAMSUNG_GALAXY_VIEW_18.4.jpg', 'Processore OctaCore 1.6 GHz\r\nDisplay 18.4” TFT, 1920x1080 Full HD\r\nSistema Operativo AndroidTM 5.1 (Lollipop)\r\nMemoria interna 32GB (espandibile fino a 128GB)\r\nInternet TV', 'NOPE', 'Connettività:\r\nConnettività WirelessBluetooth 4.1, BLEWi-Fi 802.11 a/b/g/n/ac\r\n\r\nDisplay: Display 18.4” TFT PLS ,1920x1080 Full HD\r\n\r\nDimensioni: 451,8x275,8x11,9 mm.\r\n\r\nPeso: 2,65 kg\r\n\r\nFotocamera: Fotocamera (Front: 2.1 MP)\r\n\r\nFormati supportati: Lettore multimediale, aac,amr,awb,mp3,ogg,wav, DivX, XviD, MPEG4, VP8, H.263, H.264, H.265\r\n\r\nMemoria: Interna 32GB (espandibile fino a 128GB)\r\n\r\nProcessore: OctaCore da 1.6 GHzx\\\r\n\r\nSistema Operativo: AndroidTM 5.1 (Lollipop)\r\n\r\nIn confezione: Carica batteria, Manuale d’uso\r\n\r\nApplicazioni: Android Market, Google Mobile App, Youtube, Inserimento testo e ricerca vocale, E-mail, GPS Glonass, SMS/MMS,\r\n\r\nAutonomia: fino a 8h in video play', 'TBT', 'TBT', 'TBT'),
(16, 'Tablet', 'Alcatel', 'Pixi3 10', '139.90', 0, NULL, 'assets/images/devices/ALCATEL_PIXI3_10.jpg', 'Display 10,1” ,1280x800\r\nAndroid 5.1\r\nConnetività Hsdpa 21 e chiamata voce\r\nDoppia fotocamera, 2 Mpxl + VGA', 'NOPE', 'Connettività: MediateKMT8321 Quad-Core da 1.3 GHz\r\n\r\nDisplay: Display 10,1” ,1280x800\r\n\r\nFotocamera: Fotocamera (Front: 0.3 Mpxl Back: 2 Mpxl)\r\n\r\nMemoria: Interna 8GB (espandibile fino a 64GB)1GB di Ram\r\n\r\nProcessore: MediateKMT8321 Quad-Core da 1.3 GHz\r\n\r\nLettore multimediale: aac, amr, awb, mp3, ogg, wav, DivX, XviD, MPEG4, VP8, H.263, H.264\r\n\r\nIn dotazione: Caricabatteria - Connettore dati USB - Manuale d''uso\r\n\r\nDimensioni: 255x155x8,9 mm.\r\n\r\nPeso: 365 grammi\r\n\r\nAutonomia: Stand-by fino a 350h, 70 ore in chiamata', 'TBT', 'TBT', 'TBT'),
(17, 'Tablet', 'Apple', 'iPad Mini 3 16GB', '519.90', 0, NULL, 'assets/images/devices/APPLE_IPAD_MINI3.jpg', 'Wi-FI + Cellular (4G LTE)\r\nDisplay Retina da 7,9" (diagonale)\r\nSistema Operativo iOS8 (Processore A7)\r\nFotocamera iSight da 5MP', 'Il nuovo iPad mini è piccolino ma pieno di grandi innovazioni, come il sensore di impronte digitali Touch ID e il display Retina. E ora è disponibile anche nello splendido color oro.', 'Display: Retina da 7,9" (diagonale)\r\n\r\nSensori: Impronte digitali Touch ID\r\n\r\nProcessore: Chip A7\r\n\r\nFotocamera: iSight da 5MP - Videocamera FaceTimeHD\r\n\r\nConnettività: Wi-Fi 802.11n con tecnologia MIMO + Cellular - 4G LTE più veloce\r\n\r\nBatteria: Fino a 10 ore di autonomia', 'TBT', 'TBT', 'TBT'),
(18, 'Tablet', 'Samsung', 'Galaxy Tab S2 9.7''''', '589.90', 1, '539.90', 'assets/images/devices/SAMSUMG_GALAXY_TAB_S29.7.jpg', '4GPLUS\r\nDisplay 9.7” TFT, 2048x1536 QXGA (4:3)\r\nSistema Operativo AndroidTM 5.0.2 (Lollipop)\r\nMemoria interna 32GB (espandibile fino a 128GB)\r\nFotocamera (Front: 2.1 MP Back: 8 MP )', 'NOPE', 'Connettività: LTE cat.6/HSDPA 42.2/HSUPA 5.76/, Wi-Fi 802.11 a/b/g/n/ac, Bluetooth 4.1, micro USB\r\n\r\nDisplay: Display 9.7” TFT, 2048x1536 QXGA (4:3)\r\n\r\nDimensioni: 237,3x169,0x5,6 mm\r\n\r\nPeso: 392 gr\r\n\r\nAutonomia: Stand-by fino a 250h, 30 ore in chiamata\r\n\r\nFotocamera: Fotocamera (Front: 2.1 MP Back: 8 MP)\r\n\r\nFormati supportati: aac,amr,awb,mp3,ogg,wav, DivX, XviD, MPEG4, VP8, H.263, H.264, UHD 4K\r\n\r\nMemoria: Interna 32GB (espandibile fino a 128GB)3GB di Ram\r\n\r\nProcessore: Processore Octa-core,1.9 GHz, 1.3 GHz\r\n\r\nSistema Operativo: AndroidTM 5.0.2 (Lollipop)\r\n\r\nApplicazioni: Android Market, Google Mobile App, Youtube, Inserimento testo e ricerca vocale, E-mail, GPS Glonass, SMS/MMS,\r\n\r\nIn confezione: Carica batteria, Cavo dati Usb, Manuale d’uso', 'TBT', 'TBT', 'TBT'),
(19, 'Tablet', 'Acer', 'ICONIA W4 821', '299.90', 0, NULL, 'assets/images/devices/ACER_ICONIA_W4821.jpg', 'Display 8” (1280x800) IPS\r\nSistema Operativo Windows 8.1 + Office Home & Students 2013', 'NOPE', 'Connettività: HSDPA 21.2/HSUPA 5,76/,Wi-Fi Direct 802.11 a/b/g/n, Bluetooth 4.0 - Chiamata voce\r\n\r\nDisplay: 8" (1280x800) IPS\r\n\r\nVideo/Audio/Picture: 5 Mpx A/F + 2 Mpx frontale, Lettore multimediale, MP3, WAV, 3GP, AAC, AAC+, e-AAC+, JPG, PNG,GIF, BMP, WMV, DivX/AVI\r\n\r\nMemoria: 32GB, 2GB RAM\r\n\r\nProcessore: Intel Atom Quad-Core 1.8GHz\r\n\r\nSistema Operativo: Windows 8.1 + Office Home & Students 2013\r\n\r\nApplicazioni: Office Home & Students 2013, E-mail, GPS/A-GPS, SMS/MMS Invio e ricezione\r\n\r\nIn dotazione: Caricabatteria - Guida di riferimento rapido\r\n\r\nDimensioni: 218.9 x 134.9 x 10.75 mm\r\n\r\nPeso: 420 grammi\r\n\r\nAutonomia: 4960 mAh / durata 8h', 'TBT', 'TBT', 'TBT'),
(20, 'Tablet', 'Apple', 'iPad Mini 4 16GB', '529.90', 0, NULL, 'assets/images/devices/APPLE_IPAD_MINI4.jpg', 'Wi-Fi + Cellular (4G LTE)\r\nDisplay Retina 7.9” (2048x1536) Led IPS\r\nSistema Operativo IOS9 (Processore A8)\r\nFotocamera iSight 8Mpx e 1.2 Mpx', 'La mini superpotenza.\r\n\r\nA vederlo sembra davvero piccolo, ma è pronto a stupirti con prestazioni eccezionali: il nuovo iPad mini 4, più sottile e leggero che mai, ha tutta la potenza che ti serve per fare grandi cose.\r\nSottile come sempre. Leggero come mai.\r\n\r\niPad mini 4 contiene tutto quello che ami dell’iPad in un design ancora più leggero e portatile. Chiama gli amici con FaceTime o portati avanti con il lavoro: puoi farlo ovunque, in qualsiasi momento.\r\nPiccolo, ma con i superpoteri.\r\n\r\niPad mini 4 ha un chip A8 di seconda generazione con architettura a 64 bit di livello desktop, per gestire anche le app più elaborate. Puoi montare un film, sfogliare le tue foto o fare entrambe le cose contemporaneamente: tutto è fluido e immediato.\r\nDue fotocamere straordinarie. Abilmente camuffate da iPad.\r\n\r\nLa fotocamera iSight di iPad mini 4 ha un’ottica sofisticata, un sensore ancora più evoluto e un processore di immagine ISP progettato da Apple. Include comode funzioni come Panorama, Time-lapse, Moviola e le modalità scatto in sequenza e Timer. Anche la videocamera frontale FaceTime HD è stata riprogettata con un sensore perfezionato e pixel più grandi, per riprendere ancora meglio negli ambienti poco illuminati. Risultato? Le foto e i video, per non parlare delle videochiamate e dei selfie, saranno incredibilmente brillanti.\r\nAncora più sicuro. Ancora più alla mano.\r\n\r\nGrazie alla tecnologia Touch ID, iPad mini 4 è protetto da una password inattaccabile e a prova di memoria: la tua impronta digitale. Ti basterà un tocco per sbloccarlo, ma i tuoi dati non corrono alcun pericolo, anche se lo presti a un amico o un collega. E con Touch ID fare acquisti su iTunes, iBooks e App Store è ancora più facile e sicuro.\r\nWireless ultraveloce.\r\n\r\nCon iPad mini ti colleghi alle reti Wi‑Fi e cellulari ad alta velocità, per scaricare contenuti, navigare il web e condividere documenti praticamente ovunque. Se non c’è il Wi‑Fi, con il modello Wi‑Fi + Cellular* puoi connetterti alle reti dati cellulari ad alta velocità in tutto il mondo. E con la Apple SIM puoi scegliere un piano dati a breve termine in oltre 90 Paesi e territori, in modo facile e veloce.\r\nTap dopo tap, lo amerai sempre di più.\r\n\r\nCon iPad mini 4 hai iOS 9, il sistema operativo mobile più intuitivo, evoluto e sicuro al mondo. iOS 9 è stato creato su misura per iPad. App ancora migliori e nuove funzioni come Slide Over, Split View e Picture in Picture ti aiutano a fare molto di più, più facilmente. Devi controllare un messaggio mentre rispondi a un’email? O preparare una presentazione dando un occhio alla partita? Con iOS 9, tu e il tuo iPad potete fare un mondo di cose in più.\r\nApp fatte per iPad. E per fare di tutto.\r\n\r\niPad mini 4 nasce con potenti app incluse per fare tutto quello che fai ogni giorno: navigare, controllare le email, modificare foto e video, prendere appunti o anche leggere un libro. E sull’App Store ne trovi tantissime altre che non si limitano a ingrandire la versione per iPhone, ma sono create apposta per lo splendido display Retina dell’iPad. Fotografia, giochi, viaggi, cucina, arredamento, hobby, sport: ci sono app per fare di tutto. E per farlo al meglio.\r\nCover fatte apposta per lui. Colori fatti apposta per te.\r\n\r\nLa Smart Cover e la custodia in silicone per iPad mini 4 proteggono il tuo dispositivo in ogni situazione. Sono progettate per essere usate insieme: la Smart Cover aderisce perfettamente allo schermo, mentre la custodia in silicone avvolge la parte posteriore. Ed entrambe sono disponibili in dieci splendidi colori.', 'Connettività: LTE /HSDPA-DC 42.2/HSUPA 5.76/, Wi-Fi 802.11a/b/g/n /ac e MIMO, Bluetooth 4.2\r\n\r\nDisplay: Retina Display 7.9” (2048x1536) Led IPS\r\n\r\nDimensioni: 203,2x134,8x6,1mm.\r\n\r\nPeso: 304 gr\r\n\r\nAutonomia: Fino a 9 ore su rete dati cellulare\r\n\r\nFotocamera: 2 Fotocamera iSight 8Mpx e 1.2 Mpx\r\n\r\nFormati supportati: MP3, MOV, MP4, 3GP, AAC, AAC+ HE-AAC, AIFF, JPG, PNG,GIF, H264, Mpeg4, Full HD\r\n\r\nMemoria: Interna 16GB/64GB (non espandibile)\r\n\r\nProcessore: A8 con architettura a 64bit a 1.6GHz, 1GB Ram, co-processore M8\r\n\r\nSistema Operativo: IOS9\r\n\r\nApplicazioni: Apple Store, Siri, iCloud, Facetime HD, Photobooth, mappe, GPS e A-GPS, Messaggi, Photos iMovie, iTunes store\r\n\r\nIn confezione: Carica batteria, Manuale d’uso, Connettore USB Lightning, Impiega Nano-SIM', 'TBT', 'TBT', 'TBT'),
(21, 'TV & Smart Living', 'TIM', 'TIMTag', '129.00', 0, NULL, 'assets/images/devices/TIMTag.jpg', 'Resistente all’acqua\r\nFornisce allarmi di movimento (velocità, inerzia, crash)\r\nBatteria di lunga durata\r\nDimensioni 49 x 47 x 17 mm', 'TIMTag, il dispositivo che ti informa sulla posizione del tuo amico a quattro zampe e delle cose a te più care. \r\nSegui in tempo reale i suoi spostamenti sul tuo smartphone senza perderlo mai di vista.\r\n\r\nCon TIMTag hai un dispositivo di localizzazione GPS di ultima generazione, un’ App dedicata intuitiva e semplice da utilizzare, inclusi 12 mesi di servizio TIMTag e una TIM Card!\r\nTutto a soli 129€!\r\n\r\n', 'L''offerta è rivolta a tutti i Clienti TIM Ricaricabili Consumer.\r\n\r\nAll’attivazione della TIMCard viene attivata l’offerta Tim-Tag in promozione per 12 mesi.\r\n\r\nL''offerta può essere attivata solo sulla TIM Card contenuta all''interno della confezione.\r\n\r\nIl traffico sia dati che sms del Tracker GPS vs la piattaforma di servizio, è incluso nell’opzione TIM Tag (50MB e 100SMS ogni 30 giorni). Il Bundle dati e sms previsto è calibrato per soddisfare le esigenze di un utilizzo continuativo del dispositivo.\r\nPer fruire dell''offerta è in ogni caso necessario che la TIMCard ad essa associata disponga di un credito telefonico residuo, in quanto non può essere effettuato traffico in assenza di credito sulla TIM Card.\r\nPer effettuare il download sul proprio smartphone dell’APP TIMTag, è necessario avere connessione dati attiva o una copertura Wi-Fi.\r\n\r\nL’app TIMTag è compatibile con dispositivi iOS e Android.\r\n\r\nAlla scadenza (trascorsi 360 gg dall’attivazione di Servizio), salvo disdetta, l’opzione TIMTag resterà attiva a 5€/mese con addebito su credito residuo della TIMCard. Pertanto si dovrà fare attenzione a disporre di un credito residuo sufficiente di almeno 5€.\r\n\r\nÈ possibile avere informazioni sul servizio e sullo stato dell’utenza contattando il Servizio Assistenza Clienti 119.\r\n\r\nIl Cliente potrà recedere in qualsiasi momento dall’Offerta chiamando il Servizio Assistenza Clienti 119.\r\n\r\nIl rilevatore GPS contenuto nella confezione è acquistato con effetto immediato e definitivo.', 'TBT', 'TBT', 'TBT'),
(22, 'TV & Smart Living', 'Apple', 'Watch Sport', '369.90', 0, NULL, 'assets/images/devices/APPLE_WATCH_SPORT.jpg', 'Cassa in alluminio anodizzato color argento, grigio siderale.\r\nVetro rinforzato Ion-X.\r\nDisplay Retina con Force Touch\r\nFondo in materiale composito.\r\nCinturino Sport con borchia in acciaio inox inossidabile.\r\nDigital Crown', 'Ogni collezione di Apple Watch è realizzata con leghe speciali, studiate per unire estetica e robustezza. La cassa di Apple Watch Sport è in alluminio anodizzato color argento, grigio siderale, oro oppure oro rosa, mentre nei modelli Apple Watch è in acciaio inossidabile colore naturale o nero siderale. La cassa è disponibile in due misure: 38 mm e 42 mm. Abbiamo anche creato una gamma di cinturini intercambiabili in materiali esclusivi. Apple Watch usa tecnologie rivoluzionarie come la Digital Crown, il Taptic Engine e il Force Touch. E grazie a una batteria che dura fino a 18 ore, puoi usarlo tutto il giorno.', 'Display:\r\nVetro Ion-X\r\nDisplay Retina con Force Touch\r\n\r\nSensori:\r\nCardiofrequenzimetro\r\nAccelerometro\r\nGiroscopio\r\nSensore di luce ambientale\r\n\r\nConnettività: \r\nWi-Fi (802.11b/g/n a 2,4GHz)\r\nBluetooth 4.0\r\n\r\nBatteria: Fino a 18 ore di autonomia\r\n\r\nResistenza all''acqua: Si(*)\r\n\r\n(*)Apple Watch è resistente agli schizzi e all’acqua, ma non è impermeabile. Per esempio puoi indossarlo durante un allenamento, sotto la pioggia e quando ti lavi le mani, ma consigliamo di non immergerlo. Apple Watch ha una resistenza all’acqua di grado IPX7 secondo lo standard IEC 60529.', 'TBT', 'TBT', 'TBT'),
(23, 'TV & Smart Living', 'TIM', 'Chromecast', '39.00', 0, NULL, 'assets/images/devices/TIMVISION_CHROMECAST.jpg', 'Con Chromecast, il dispositivo che connette smartphone e tablet alla TV, hai TIMvision incluso per tre mesi', 'Con Chromecast porti TIMvision, i tuoi video, le foto e molto altro ancora su qualsiasi TV usando semplicemente uno smartphone o il tablet ed una connessione Internet Wi-Fi, tutto senza consumare GB.\r\n\r\nCon l’App TIMvision potrai vedere cartoni, cinema, serie TV, documentari sempre on demand. Creare il tuo palinsesto senza interruzioni pubblicitarie ed avere più di 8.000 titoli disponibili in un solo abbonamento mensile ed il programma inizia quando vuoi tu sulla TV di casa.', 'Dimensioni: Dispositivo: 51,9 x 51,9 x 13,49 mm\r\nConfezione: 124,4 mm x 42,85 mm x 124 mm\r\nCavo di alimentazione: 1,75 m\r\n\r\nPeso: 39,1g\r\n\r\nPorte e connettori:\r\nHDMI compatibile CEC (Consumer Eletronic Control)\r\nMicro USB\r\n\r\nColore: Nero\r\n\r\nRisoluzione: 1080p\r\n\r\nConnettività: Wi-Fi 802.11 b/g/n/ac (2,4 GHz/5 GHz)\r\n\r\nSicurezza: WEP, WPA/WPA2\r\n\r\nAlimentazione: Alimentazione 5V, 1A\r\n\r\nSistema Operativo Supportato: \r\nAndroid 4.1 e versioni successive\r\niOS 7.0 e versioni successive\r\nWindows 7 e versioni successive\r\nMac OS X 10.7 e versioni successive\r\nChrome OS', 'TBT', 'TBT', 'TBT'),
(24, 'TV & Smart Living', 'Nokia', 'MD 12', '49.90', 0, NULL, 'assets/images/devices/NOKIA_MD12.jpg', 'Design ultra – compatto\r\nNFC incluso\r\nFino a 15 ore di riproduzione musicale\r\nGaranzia 24 mesi', 'Speaker bluetooth Nokia MD-12 colore bianco. NFC. Ascoltare la tua musica preferita è ora più semplice chemai. Con il suo design ultra - compatto ed una vasta gamma di bellissimi colori , MD -12 è abbastanza piccoloda stare in tasca. Grande esperienza bassi. Non lasciate che la sua piccola dimensione vi inganni . Questopiccolo altoparlante dispone di un grande carico di energia . Progettato con le ultime tecnologie , MD -12 èstato progettato con un attuatore integrato, creando un grande effetto dei bassi quando è impostato su quasiqualsiasi superficie . La durata della batteria superiore per un più divertente ascolto. Con NFC incluso , bastatoccare il tuo telefono cellulare abilitato NFC al diffusore e siete a posto. Oppure utilizzare il Bluetooth edascoltate in streaming i propri brani in modalità wireless e ballate tutta la notte con 15 ore di riproduzionemusicale garantite.', 'Compatibilità iPad: No\r\n\r\nCompatibilità iPhone 3g: No\r\n\r\nCompatibilità iPod classic: No\r\n\r\nCompatibilità iPod nano: No\r\n\r\nCompatibilità iPod shuffle: No\r\n\r\nCompatibilità iPod touch: No\r\n\r\nNumero altoparlanti frontali centrali: 0\r\n\r\nNumero altoparlanti frontali laterali: 1\r\n\r\n\r\nSubwoofer: No\r\n\r\nPortatile: Si\r\n\r\nTipologia di utilizzo: Diffusore da interno/esterno\r\n\r\nConsumo :0W\r\n\r\nWireless altoparlanti frontali laterali: Si\r\n\r\nPotenza altoparlanti frontali laterali: 0W\r\n\r\nMateriale altoparlanti frontali laterali: Plastica\r\n\r\nDiametro Bass altoparlanti frontali laterali: 0 mm\r\n\r\nWireless SubwoofeR: No\r\n\r\nPotenza Subwoofer: 0W\r\n\r\nMateriale Subwoofer: Plastica\r\n\r\nDiametro Bass: 0 mm\r\n\r\nConnettore dock per iPod/iPhone: No\r\n\r\nControllo via usb iPhone/iPod/iPad: No\r\n', 'TBT', 'TBT', 'TBT'),
(25, 'TV & Smart Living', 'ZTE', 'SPro 2', '699.90', 0, NULL, 'assets/images/devices/ZTE_SPRO2.jpg', 'Sistema Operativo Android 4.4\r\nDimensione immagine 20" - 100"\r\nLuminosità 200 Lumen – Contrasto 5000:1\r\nProcessore Qualcomm® Snapdragon™ 800 Quad-Core 2.0 GHz', 'NOPE', 'Display: 5" 16 Milioni di colori Touch\r\n\r\nImmagine: Dimensione immagine 20” - 100”, Luminosità 200 Lumen, Contrasto 5000:1\r\n\r\nTecnologia: 4G/HSDPA42/UMTS/EDGE/GPRS Frequenze 850/900/1800/1900/2100 - Formato SIM Micro\r\n\r\nConnettività: Wi-Fi – Bluetooth – USB - MirrorLink - Ricevitore GPS Integrato\r\n\r\nProcessore: Processore QuadCore 2 GHz\r\n\r\nMemoria: Memoria interna 16GB - Slot Memory Card Micro SD fino a 64GB\r\n\r\nIn dotazione: Caricabatteria, Auricolare stereo, Cavo Dati USB, Manuale d’uso rapido\r\n\r\nDimensioni: 134x131x33 mm\r\n\r\nPeso: 526 gr.', 'TBT', 'TBT', 'TBT'),
(26, 'TV & Smart Living', 'Samsung', 'Galaxy Gear S', '349.90', 0, NULL, 'assets/images/devices/GALAXY_GEAR_S.jpg', 'Orologio Multifunzione Intelligente\r\nDisplay 2” curved SuperAMOLED\r\nProcessore DualCore 1GHz\r\nCertificazione IP67', 'NOPE', 'Connettività: HSDPA 21Mbps/UMTS/EDGE/GPRS - Wi-Fi - Bluetooth - Micro USB\r\n\r\nFrequenze: 2G: 900/1800 - 3G: 900/2100\r\n\r\nDisplay: Touch da 2”\r\n\r\nFormato SIM: Nano\r\n\r\nMemoria interna: 4GB\r\n\r\nAltro:\r\nNotifiche, Chiamate, SMS, S Health,Lettore musicale, Meteo, Navigatore, Comandi vocali, Running\r\nDownload ulteriori applicazioni tramite il Samsung Gear Apps\r\n\r\nIn dotazione: Supporto per la carica Micro USB - Carica batteria - Guida di riferimento rapido\r\n\r\nDimensioni: 39,9 x 58,1 x 12,5 mm\r\n\r\nPeso: 84 gr.\r\n\r\nBatteria: 300mAh', 'TBT', 'TBT', 'TBT'),
(27, 'Modem & Networking', 'ZyXEL', 'AC750', '49.90', 0, NULL, 'assets/images/devices/ZYXEL_AC750.jpg', 'Funzionamento simultaneo a 2.4 e 5 GHz\r\nVelocità di trasmissione fino a 750 Mbps\r\nCompatibilità Wi-Fi b/g/n a 2.4 GHz e Wi-Fi n/ac a 5 GHz\r\nAssociazione al modem in modalità WPS', 'ZyXEL WRE6505 Wireless AC750 Range Extender consente di estendere facilmente reti esistenti wireless 802.11 b / g / n / ac in modo facile e veloce. Basta collegare il Repeater direttamente alla presa di corrente e l''indicatore di potenza del segnale LED consente di determinare la posizione di installazione ideale. Il one-click Wi-Fi Protected Setup (WPS Button a pagina 12), prevede l''installazione del client wireless senza frustrazione e completa in pochi passi la configurazione di accesso alla rete.\r\n\r\nTre funzionalità in 1 unico prodotto\r\nCon Zyxel AC750 puoi:\r\n\r\nestendere la rete Wi-Fi nella modalità Repeater\r\ncreare una rete Wi-Fi indipendente da quella, del modem, mediante la funzionalità Access Point\r\ntrasformare in Wi-Fi un device non dotato di tale feature, sfruttando la funzionalità di Terminal Adapter', 'Standard Wi-Fi: 802.11 a / b / g / n / ac\r\n\r\nVelocità Wi-Fi: 300 Mbps * (2,4 GHz), 450 Mbps * (5 GHz) Ricezione: 300 Mbps * (2,4 GHz), 450 Mbps * (5 GHz)\r\n\r\nSicurezza Wi-Fi: 64/128 bit WEP, WPA / WPA2, WPA-PSK / WPA2-PSK\r\n\r\nCaratteristiche operative: \r\nModalità Ripetitore, Modalità AP, Wi-Fi Protected Setup (WPS), Wi-Fi Multimedia (WMM),Selezione automatica dei canali, Programmazione senza fili, Gestione di potenza di uscita senza fili,Filtraggio degli indirizzi MAC, Modalità di impostazione di copertura.\r\n\r\nSoftware: Aggiornamento del firmware online\r\n\r\nSpecifiche hardware: LAN: 10/100 Mbps One Ethernet RJ-45 porta con auto MDI / MDIX supporto\r\n\r\nDimensioni: (LxPxA): 46,5 x 62,3 x 90,9 mm\r\n\r\nPeso: 98 g\r\n\r\nAmbiente operativo: Temperatura: 0 ° C a 40 ° C (32 ° F a 104 ° F) Umidità: 10% a 90% (senza condensa)\r\n\r\nContenuto della confezione:\r\nWireless Range Extender,\r\nCavo Ethernet,\r\nGuida rapida,\r\nCertificato di garanzia,\r\nCD di supporto', 'TBT', 'TBT', 'TBT'),
(28, 'Modem & Networking', 'TIM', 'Modem Car Pack 4G', '99.90', 0, NULL, 'assets/images/devices/TIM_CARPACK4G.jpg', 'Modem WI-FI CarPack4G\r\nCodice PIN promozionale per 6 mesi di Servizi Assistenza ACI Global\r\nAlimentatore da rete\r\nAlimentatore da auto', 'Acquista il nuovo Car Pack e potrai connetterti anche quando sei in viaggio con tanti vantaggi in più:\r\n\r\nModem wi-fi 4G + Alimentatore da auto + servizi ACI Global per 6 mesi (*)\r\n\r\nAbbinando un anno di traffico internet puoi acquistare il modem wi-fi Car Pack 4G scontato a 50€ invece di 99,90€. Scopri i dettagli delle offerte annuali: Internet annuale 50GB e Internet annuale 100GB.\r\n\r\nL''innovativa tecnologia LTE (Long Term Evolution) consente di raggiungere fino a 70 Mbps in ricezione e 50 Mbps in trasmissione. Il Modem TIM wi-fi Car Pack 4G consente anche il collegamento Wi-Fi fino a 10 dispositivi. Il supporto memoria MicroSD Card fino a 32GB rende possibile condividere file tra gli utenti collegati.\r\n\r\n(*) Nella confezione del Modem Car Pack è inclusa una Card che riporta un codice Promozionale ACI Global. Il codice permette di fruire gratuitamente dei seguenti servizi per 6 mesi dalla prima chiamata ad ACI Global: 1 intervento di un carroattrezzi, 1 medico a domicilio, 1 trasporto in ambulanza, tutte le informazioni turistiche e di viaggio che vuoi. L’Operazione a premi è valida dal 15/01/2016 al 15/07/2016. I servizi ACI Global previsti possono essere utilizzati fino al 14/1/2017. Per maggiori dettagli e il regolamento consulta le informazioni sul sito.', 'Tecnologia: 4G - DC-HSDPA - HSPA+ - HSDPA - HSUPA - EDGE/GPRS\r\n\r\nFrequenze:\r\n4G: 800/1800/2600 Mhz, download fino a 100Mbps, upload fino a 40Mbps\r\nDC-HSDPA: 900/2100 Mhz, download fino a 42.2Mbps\r\nHSPA+: 900/2100 Mhz, download fino a 21.1 Mbps\r\nHSDPA: 900/2100 Mhz, download fino a 14.4 Mbps\r\nHSUPA: 900/2100 Mhz, upload fino a 5.76 Mbps\r\nEDGE/GPRS: 850/900/1800/1900 Mhz\r\n\r\nContenuto della Confezione: Modem 4G Wi-Fi - TIM Card con 1 euro di traffico prepagato incluso - Alimentatore da rete - Alimentatore da auto - Cavetto USB - Guida rapida – Card con PIN ACI Global per usufruire della Promozione\r\n\r\nRequisiti di Sistema: La compatibilità è totale per tutti i dispositivi certificati Wi-Fi (802.11b/g/n).', 'TBT', 'TBT', 'TBT'),
(29, 'Modem & Networking', 'Technicolor', 'Wi-Fi Bridge', '79.90', 0, NULL, 'assets/images/devices/TECHNICOLOR_BRIDGE.jpg', 'Design verticale compatto\r\nWi-Fi AC 4x4 ad altissime prestazioni\r\nAssociazione al modem in modalità WPS\r\nDue porte Gigabit Ethernet\r\nLed di stato', 'Con il multimedia connect puoi:\r\n\r\nCollegare al modem tramite il Wi-Fi AC a 5GHz una TV, un decoder od un altro apparato\r\nAssociarlo ad un altro Multimedia Connect (TG234) e creare un ponte Wi-Fi AC a 5GHz\r\nCreare una rete Wi-Fi AC a 5 GHz indipendente da quella del modem (funzionalità access point)', 'Tecnologia: Wi-Fi IEEE 802.11ac 5 GHz 4x4\r\n\r\nInterfacce: 2 Porte Ethernet\r\n\r\nContenuto della confezione:\r\nMultimedia Connect; Alimentatore; Cavo Ethernet; Guida rapida; Garanzia di conformità; Foglio di sicurezza\r\n', 'TBT', 'TBT', 'TBT');
INSERT INTO `devices` (`id`, `category`, `brand`, `model`, `price`, `promotion`, `shortedprice`, `image`, `pres_it`, `desc_it`, `spec_it`, `pres_en`, `desc_en`, `spec_en`) VALUES
(30, 'Modem & Networking', 'TIM', 'Modem Fibra', '99.00', 0, NULL, 'assets/images/devices/TIM_MODEMFIBRA.jpg', 'Collegamento a PC, tablet, telefoni\r\nNavigazione senza fili\r\nBanda Wi-Fi a 2.4 Ghz e 5 Ghz\r\nControllo e gestione con l’App 187', 'Con il Modem Fibra la Casa è Digitale!\r\n\r\nIl Modem Fibra è il centro digitale della Casa che ti permette di navigare ad altissime prestazioni grazie alla doppia banda Wi-Fi (a 2.4 Ghz e a 5 Ghz.) o in alternativa sfruttando le 4 porte Gigabit Ethernet offrendoti il vantaggio di condividere e visualizzare in modo semplice ed immediato contenuti Multimediali (Foto, Musica, Video) su Smart TV, Tablet, PC e Smartphone di ultima generazione sfruttando la tecnologia DLNA e collegando un Hard Disk o una chiavetta USB al modem.\r\n\r\nEd i vantaggi non finiscono qui! Puoi mettere in rete la tua stampante semplicemente collegandola alla porta USB del Modem Fibra, potendo così stampare comodamente qualunque documento o foto presente sui tuoi dispositivi connessi al modem.\r\n\r\nCollega i tuoi telefoni di casa direttamente al modem\r\nNaviga con tutti i PC, Tablet e Smartphone anche senza fili\r\nSfrutta al massimo le performance della tua linea ADSL grazie alla doppia banda Wi-Fi N di ultima generazione\r\nCondividi in modo semplice ed immediato foto, musica, video, Hard Disk e Stampanti\r\nInstallazione no problem: il modem si configura automaticamente sulla tua linea ADSL, senza installare software\r\nApp gratuita "TELEFONO" per trasformare il tuo smartphone in un cordless e sfruttare tutta la convenienza delle nuove offerte Fibra Ottica di Telecom Italia. Scarica subito la App nei Market Android e IOS (Google Play o App Store).\r\nFunzione Eco per risparmiare sulla bolletta elettrica\r\nIl Modem Fibra opera solo su linea ADSL di Telecom Italia (ad eccezione di linee “Alice Casa” e “Alice Voce”).\r\n\r\nAcquista il Modem Fibra direttamente su questo sito. Lo riceverai a casa tua in consegna gratuita.', 'Tecnologia: ADSL/ADSL 2+/VDSL\r\n\r\nWi-Fi: 802.11 b/g/n a 2.4 Ghz e 5 Ghz simultanee\r\n\r\nInterfacce: 1 porta ADSL/VDSL - 1 porta WAN 4 porte Gigabit Ethernet - 1 Interfaccia Dect integrata - 1 porta PSTN 2 porte FXS per collegamento di telefoni - 2 porte USB per collegamento dischi e stampanti\r\n\r\nFunzioni avanzate: Condivisione foto, musica e video, Hard Disk e stampanti\r\n\r\nRequisiti tecnici: Linea ADSL Flat o Fibra Ottica di Telecom Italia\r\n\r\nRequisiti di sistema per la gestione dell’interfaccia modem da PC: Principali browser inseriti di default sui sistemi operativi Windows 8, Windows 7, Vista, XP - MacOS 10.3\r\n\r\nAssistenza tecnica: 2 anni di garanzia sul prodotto\r\n\r\nContenuto della confezione: Modem Fibra, filtro DSL con 2 cavi telefonici già collegati, cavo Ethernet con connettori gialli, alimentatore', 'TBT', 'TBT', 'TBT'),
(31, 'Modem & Networking', 'Technoware', 'ERA Plus 900', '79.90', 0, NULL, 'assets/images/devices/TECHNOWARE_PLUS900.jpg', 'Facile installazione\r\nPeso e dimensioni ridotti\r\nBassa rumorosità', 'ERA PLUS 900 è un UPS (Uninterruptible Power Supply), cioè un gruppo di continuità, di tipo Line Interactive, realizzato appositamente per proteggere il Modem Fibra di TIM da qualsiasi avaria della rete elettrica (black-out, sottotensioni, sovratensioni, microinterruzioni), causa dei frequenti danneggiamenti di Hardware e Software.\r\n\r\nQuando è presente la tensione di rete elettrica, ERA PLUS 900 svolge le funzioni di stabilizzatore e filtra i disturbi frequentemente presenti sulla linea elettrica (transienti, spike, interferenze, etc.), preservando in tal modo il modem ed eventuali altri dispositivi collegati alla sua uscita ad esempio il telefono cordless acquistato insieme all’offerta Fibra di TIM; inoltre ricarica le batterie in modo ottimale.\r\n\r\nIn caso di avaria della rete elettrica o caduta di tensione, l’UPS continua ad alimentare il modem ed altre apparecchiature protette ad esempio il telefono cordless garantendo per un lasso di tempo variabile il servizio telefonico e la connettività che sono compromesse in caso di black-out.\r\n\r\nERA PLUS presenta tutte le moderne caratteristiche che garantiscono massima affidabilità e sicurezza:\r\n\r\nControllo a microprocessore di tutte le funzioni, garanzia di alta affidabilità.\r\n\r\nStabilizzazione in uscita tramite AVR (Automatic Voltage Regulation).\r\nProtezione da sovraccarico sia nel modo di funzionamento normale che in modo batterie.\r\nCarica batterie di alte prestazioni che prolunga il tempo medio di vita delle batterie e ne garantisce una ricarica ottimale.\r\nAccensione anche in condizioni di rete elettrica assente.\r\nRiaccensione automatica dopo lo spegnimento per fine autonomia al ritorno della tensione di rete.\r\nAdattabilità automatica alla frequenza d’ingresso 50 o 60 Hz. Segnalazioni acustiche di vario tipo durante il normale funzionamento e che evidenziano le eventuali condizioni di allarme.\r\nAlta affidabilità.\r\nElevato rendimento e basso costo d’esercizio.\r\nDimensioni compatte.\r\nDesign curato ed ergonomico.\r\nSemplicità d’uso.', 'Tecnologia: Line Interactive con Stabilizzatore\r\n\r\nRaffreddamento: Naturale\r\n\r\nRumorosità: < 40 dBA a 1 m\r\n\r\nStabilizzazione tensione: Line Mode: Tramite AVR (Automatic Voltage Regulation)\r\nBattery Mode: +/-5%\r\n\r\nSovraccarico ammesso: < 130%\r\n\r\nBatteria: 1 (interna) di tipo al Piombo acido sigillata senza manutenzione\r\nTempo di ricarica (Tipico) 4 ore\r\nTensione nominale 12Vdc\r\nAutonomia Tipica 10 min\r\n\r\nDimensioni: 10,1x14,2x27,9 cm\r\n\r\nPeso: 3,7 Kg\r\n\r\nAmbiente operativo: Da 0 a 40 °C (per un corretto esercizio delle batterie da 20 a 25° C vedi grafi co “Vita Batterie dell’UPS in Servizio”)\r\nUmidità relativa < 95% non condensata\r\n\r\nDotazioni: Cavo d’alimentazione con spina Schuko', 'TBT', 'TBT', 'TBT'),
(32, 'Modem & Networking', 'TIM', 'ADSL Modem Wi-Fi', '69.00', 0, NULL, 'assets/images/devices/TIM_MODEMWIFI.jpg', 'Navigazione senza fili più veloce\r\nConnessione di vari dispositivi\r\nInstallazione no problem\r\nFunzione Eco per risparmio energetico', 'Con il Modem ADSL Wi-Fi navighi ad alta velocità e senza fili, utilizzando l''interfaccia Wi-Fi o attraverso le 4 porte Ethernet.\r\n\r\nNavigazione più veloce grazie alla tecnologia senza fili Wi-Fi e migliore copertura della rete Wi-Fi della tua abitazione.\r\nProtezione: la cifratura WPA e WPA2 impedisce l’accesso ai non autorizzati alla rete Wi-Fi. Disponibili anche funzionalità avanzate come il filtro degli indirizzi MAC ed il firewall integrato.\r\nTutta la famiglia connessa: collega tutti i PC, smartphone e tablet al nuovo modem ADSL Wi-Fi e inoltre condividi Hard Disk e stampanti collegati alla porta USB del modem.\r\nInstallazione no problem: il modem si configura automaticamente sulla tua linea ADSL, senza installare software.\r\nRisparmia sulla bolletta elettrica: il nuovo modem, rispetto ad un prodotto Telecom Italia di generazione precedente con le stesse funzionalità, consente di risparmiare fino al 40% di energia elettrica su un utilizzo medio annuo.\r\nIl Modem Wi-Fi opera solo su linea ADSL di Telecom Italia ed è compatibile con i principali sistemi operativi (Windows 7, Vista, XP - MacOS 10.3).\r\n\r\nAcquista il Modem ADSL Wi-Fi direttamente su questo sito. Lo riceverai a casa tua in consegna gratuita.', 'Tecnologia: ADSL/ADSL2+; velocità fino a 20 Mbps down/1 Mbps up\r\n\r\nWi-Fi: Wi-Fi 802.11 b/g/n; velocità di trasferimento fino a 300Mbps\r\n\r\nInterfacce: Interfacce USB alta velocità (480 Mbit/s) ad alta potenza (500 mA), 1 porta connettore tipo A Interfaccia Wi-FiStandard IEEE 802.11nInterfaccia radio 2.4Ghz, 2 antenne, velocità di trasmissione teorica 300 Mbps\r\n\r\nProtezione Wireless:\r\nWPA, WPA-PSK, WEP - Supporto Wi-Fi Protected Setup - Controllo di accesso\r\n\r\nFunzioni avanzate:\r\nFunzionalità di routing avanzate (DHCP server, NAT, NAPT, Virtual Server) - Firewall - Condivisione Hard Disk e Stampante USB\r\n\r\nAssistenza tecnica: 2 anni di garanzia sul prodotto\r\n\r\nContenuto della confezione:\r\nGuida di installazione; CD autoinstallante (compatibile con Windows 7, Vista, XP- MacOS 10.3); 1 filtro ADSL 2+; 1 cavo Telefonico; 1 cavo Ethernet', 'TBT', 'TBT', 'TBT'),
(33, 'TV e Smart Living', 'Philips', 'Friends of Hue Bloom', '179.95', 0, NULL, 'assets/images/device/PHILIPS_FRENDSOFHUEBLOOM.jpg', 'Connettività wireless\r\nControllo da dispositivi smart\r\nScegli la luce adatta al momento\r\nSi abbina a qualsiasi arredamento', 'Colora il tuo mondo di luce, che siano i colori luminosi del giorno o le sfumature dorate dell''autunno, lo starter kit Philips Friends of hue Bloom bianco ti consente di creare l''illuminazione che desideri tramite smartphone o altri dispositivi.', 'Materiale: Alluminio\r\n\r\nColore: Bianco\r\n\r\nIntensità regolabile: Si\r\n\r\nPerfetta per creare atmosfera: Si\r\n\r\nCambiacolore (LED): Si\r\n\r\nEffetto luce diffusa: Si\r\n\r\nConnessione ZigBee Light: Si\r\n\r\nBridge hue incluso: Si\r\n\r\nDimensioni del prodotto: 21,8x 22,8x 21,9 cm\r\n\r\nPeso del prodotto: 0,840 Kg\r\n\r\nTensione di rete: Da 100 V a 240 V, 50-60 Hz\r\n\r\nNumero di lampadine: 1\r\n\r\nWatt lampadina inclusa: 8 W\r\n\r\nTotale lumen emessi dall''apparecchio: 120 lm\r\n\r\nApparecchio di illuminazione: Ad intensità regolabile\r\n\r\nTecnologia: LED\r\n\r\nCodice IP: IP20, protezione contro gli oggetti superiori a 12,5 mm, nessuna protezione contro l''acqua\r\n\r\nClasse di protezione: II - doppio sistema di isolamento\r\n\r\nGaranzia: 2 anni\r\n\r\nDimensioni della confezione: 11,6x 36,8x 21,1 cm\r\n\r\nPeso della confezione: 1,444 Kg\r\n\r\nAppositamente progettata per:\r\nSalotto e camera da letto, Cameretta dei bambini\r\n\r\nStile: Espressivo\r\n\r\nTipo: Lampada da tavolo', 'TBT', 'TBT', 'TBT'),
(34, 'TV & Smart Living', 'D-Link', 'SmartHome', '159.90', 0, NULL, 'assets/images/SL/DLINKSMARTHOME.jpg', ' Caratteristiche:\r\nServizio gratuito\r\nVisualizzazione da smartphone o tablet delle riprese\r\nInvio notifiche su smartphone/tablet/e-mail\r\nConnettività Wi-Fi tramite ADSL o modem mobile 3G o 4G.', 'Basta semplicemente scaricare l’app mydlink Home e la configurazione guidata ti aiuterà a utilizzare al meglio tutti i dispositivi presenti nel kit in modo facile e intuitivo.\r\nCon l’app potrai creare tu stesso le regole per accendere e spegnere i tuoi elettrodomestici quando e ovunque vuoi.\r\nNotifiche automatiche e real time sul tuo smartphone\r\n\r\nL’app mydlink Home ti notificherà quando:\r\nUn movimento o un suono viene rilevato\r\nUn dispositivo è stato acceso o spento\r\nIl consumo elettrico è stato superato\r\nUn dispositivo non funziona correttamente o si surriscalda\r\nIl sensore di movimento a infrarossi passivo riduce di gran lunga i falsi allarmi garantendoti di essere avvisato solo quando necessario: rilevazione dei movimenti fino a 8 metri (100° orizzontale, 80° verticale).\r\n\r\nMonitor HD\r\n\r\nCon il Monitor HD, potrai controllare la tua casa in alta definizione (720p) e grazie alla visione notturna anche in assenza di luce (fino a 5 mt). Il Monitor HD ti avvisa mediante notifica push ogni volta che verrà rilevato un suono o un movimento.\r\n\r\nSensore di movimento\r\nGrazie alla tecnologia a infrarossi passiva saranno ridotti i falsi allarmi e verrai avvisato solo quando necessario. Con il sensore di movimento rileverai i movimenti fino a 8 metri (100° orizzontale, 80° verticale).', 'Con lo Smart Home HD Starter Kit potrai impostare, controllare, monitorare e automatizzare la tua casa ovunque ti trovi.\r\nNel Kit sono inclusi:\r\n\r\nUn Monitor HD (DCS-935L) \r\nUn Wi-Fi Motion Sensor (DCH-S150)\r\nUna smart plug (DSP-W215) \r\nTramite l''App mydlink Home per smartphone e tablet hai a disposizione il controllo di tutti i dispositivi così da semplificarti la gestione della casa rendendola più sicura e intelligente.', 'TBT', 'TBT', 'TBT'),
(35, 'TV & Smart Living', 'HS5', 'iHealth', '119.90', 0, NULL, 'assets/images/devices/IHEALTH.jpg', 'Caratteristiche:\r\nBilancia digitale di alta qualità\r\nCompatibile con i dispositivi Apple iOS (versione iOS 5.0 o successiva)\r\nCompatibile con i dispositivi Android (sistema operativo 3.0 o successivo)\r\nComprende un servizio gratuito iHealth Cloud.', 'iHEALTH ha sviluppato una linea di prodotti innovativi, per la gestione della salute personale su smartphone o tablet. I prodotti wireless iHealth con connessione bluetooth per iPad, iPhone, iPod e Android consentono di misurare facilmente, memorizzare e condividere immediatamente i risultati con la famiglia o il medico. La potente applicazione iHealth MyVitals permette di gestire tutti i dati relativi alla propria salute con grafici, statistiche e tendenze. Questa applicazione, unica nel suo genere, traccia la relazione tra vari parametri come la pressione sanguigna, il peso, l’apporto calorico e l’attività fisica. Compatibile con tutte le piattaforme Apple e Android. Comprende un servizio gratuito iHealth Cloud.', 'Classificazione: Alimentazione interna, parti applicate di tipo BF\r\n\r\nConnettività wireless: Bluetooth V3.0 + EDR Classe 2 SPP\r\n\r\nDimensioni: 380 x 310 x 35 mm\r\n\r\nPeso: 1.5 kg (senza batteria)\r\n\r\nMetodo di misurazione: Misurazione elettronica completamente automatica\r\n\r\nAlimentazione: 4 batterie AA 1.5 V incluse\r\n\r\nRange del peso corporeo: 5-150 kg\r\n\r\nRange misurazione grasso corporeo: 5%-65%\r\n\r\nRange di misurazione acqua corporea: 20%- 85%\r\n\r\nRange del tasso di grasso viscerale: 1-59\r\n\r\nPeso corporeo: ±0.5 kg (5~40 kg); ±1% + 0.1 kg (40~150 kg)\r\n\r\nGrasso corporeo: ±1%\r\n\r\nAcqua corporea: ±1%\r\n\r\nMassa muscolare corporea: ±1% + 0.1 kg (± 1%)\r\n\r\nMassa ossea: ±0.3 kg', 'TBT', 'TBT', 'TBT');

-- --------------------------------------------------------

--
-- Table structure for table `dvslrelations`
--

DROP TABLE IF EXISTS `dvslrelations`;
CREATE TABLE IF NOT EXISTS `dvslrelations` (
  `iddevice` int(11) UNSIGNED NOT NULL,
  `idslservice` int(11) UNSIGNED NOT NULL,
  PRIMARY KEY (`iddevice`,`idslservice`),
  KEY `idslservice` (`idslservice`)
) ENGINE=InnoDB DEFAULT CHARSET=utf8 COLLATE=utf8_unicode_ci;

--
-- Dumping data for table `dvslrelations`
--

INSERT INTO `dvslrelations` (`iddevice`, `idslservice`) VALUES
(2, 1),
(8, 1),
(12, 1),
(13, 1),
(6, 2),
(7, 2),
(11, 2),
(13, 2),
(21, 2),
(1, 3),
(3, 3),
(14, 3),
(16, 3),
(27, 7),
(28, 7),
(30, 7),
(31, 7),
(3, 8),
(5, 8),
(22, 8),
(26, 8),
(1, 9),
(2, 9),
(4, 9),
(22, 9),
(2, 10),
(4, 10),
(6, 10),
(26, 10),
(5, 11),
(6, 11),
(22, 11),
(26, 11),
(22, 12),
(24, 12),
(26, 12),
(35, 12),
(23, 13),
(21, 14),
(33, 14),
(34, 14);

-- --------------------------------------------------------

--
-- Table structure for table `slservices`
--

DROP TABLE IF EXISTS `slservices`;
CREATE TABLE IF NOT EXISTS `slservices` (
  `id` int(11) UNSIGNED NOT NULL AUTO_INCREMENT,
  `category` varchar(20) COLLATE utf8_unicode_ci NOT NULL,
  `name` varchar(20) COLLATE utf8_unicode_ci NOT NULL,
  `image` varchar(80) COLLATE utf8_unicode_ci NOT NULL,
  `price` decimal(10,2) UNSIGNED NOT NULL,
  `desc_it` text COLLATE utf8_unicode_ci NOT NULL,
  `activation_it` text COLLATE utf8_unicode_ci NOT NULL,
  `faq_it` text COLLATE utf8_unicode_ci NOT NULL,
  `desc_en` text COLLATE utf8_unicode_ci NOT NULL,
  `activation_en` text COLLATE utf8_unicode_ci NOT NULL,
  `faq_en` text COLLATE utf8_unicode_ci NOT NULL,
  PRIMARY KEY (`id`)
) ENGINE=InnoDB AUTO_INCREMENT=16 DEFAULT CHARSET=utf8 COLLATE=utf8_unicode_ci;

--
-- Dumping data for table `slservices`
--

INSERT INTO `slservices` (`id`, `category`, `name`, `image`, `price`, `desc_it`, `activation_it`, `faq_it`, `desc_en`, `activation_en`, `faq_en`) VALUES
(1, 'TV & Entartainment', 'TIM Netflix', 'assets/images/SL/NETFLIX.jpg', '9.99', 'Con TIM accedi al mondo Netflix in maniera facile e immediata con il decoder TIMvision. Per i clienti TIM non occorre alcuna carta di credito per Netflix. Paghi comodamente sulla fattura TIM e mantieni sotto controllo le spese. Puoi guardare Netflix in qualsiasi momento, senza interruzioni pubblicitarie. Un''esperienza facile e veloce con tre pacchetti da scegliere in abbonamento.', 'Crea un nuovo account di Netflix senza registrare la tua carta di credito tramite il sito TIM. Il costo dell''abbonamento ti verrà addebitato direttamente sulla fattura TIM', 'Perché abbonarsi a Netflix?\r\nQuanto costa abbonarsi a Netflix?\r\nQuale velocità di connessione devo avere per sfruttare al meglio l''abbonamento?\r\nCome posso addebitare il costo di Netflix nella mia fattura TIM di linea fissa?\r\nCome funziona la prova gratuita?\r\nPossiedo già un abbonamento a Netflix, posso modificarlo passando ad un altro?\r\nPossiedo già un abbonamento a Netflix, posso cambiare il mio metodo di pagamento passando all''addebito su fattura TIM?\r\nCome accedo a Netflix?\r\nCome faccio ad accedere a Netflix da altri dispositivi oltre il decoder TIMvision?\r\nPosso scaricare e salvare contenuti e guardarli in seguito?\r\nPosso guardare Netflix su un 4K/Ultra HD TV con il decoder TIMvision?\r\nHo dimenticato l''email o la password di Netflix cosa devo fare?\r\nCome posso registrarmi a Netflix dal mio decoder TIMvision?\r\nPosso utilizzare Netflix con qualunque connessione internet?\r\nCosa devo fare per cessare il mio abbonamento a Netflix?', 'TBT', '0', 'TBT'),
(2, 'TV & Entartainment', 'TIMvision', 'assets/images/SL/TIMVISION.jpg', '5.00', 'TIMvision è la TV sempre on demand di TIM che non ti abbandona mai, senza pubblicità e anche da più dispositivi contemporaneamente. Vedi i tuoi programmi preferiti direttamente su Web e TV Anche su Smartphone e Tablet senza consumare Giga.\r\n\r\nUna ricca proposta di film con le anteprime più attese, i grandi claassici, inediti, film d’azione, thriller, animazione e commedie per tutta la famiglia.In più l’HD, per rendere ogni immagine spettacolare e non perdere neanche un particolare.', 'Sottoscrivendo un abbonamento a TIM puoi richiedere l''attivazione di TIMvision, con il costo che ti verrà addebitato direttamente nella fattura dell''abbonamento.', 'Cosa posso vedere con il decoder TIMvision?\r\nCome posso avere un decoder?\r\nCome posso installarlo?\r\nPerché è necessario registrarsi e come posso farlo?\r\nQuali altre funzionalità ha il decoder?\r\nPosso vedere contenuti in lingua originale?', 'TBT', 'TBT', 'TBT'),
(3, 'TV & Entartainment', 'TIMSky', 'assets/images/SL/TIMSKY.jpg', '39.90', 'C’è un nuovo modo per avere Sky. Basta collegare My Sky alla Fibra o ADSL veloce. Senza installare la parabola.\r\n\r\nSky TV: L’offerta più completa di serie TV su Sky Atlantic e Fox, con le serie più seguite e premiate da tutto il mondo e le grandi produzioni originali Sky.Tanti programmi interessanti di arte, cucina, musica, viaggi, lifestyle, storie dal mondo e grandi eventi dello sport internazionale.Le news dall’Italia e dal mondo di Sky TG24, e gli approfondimenti sportivi 24 ore su 24 di Sky Sport 24.\r\n\r\nSky Famiglia: Programmi sicuri, divertenti ed educativi per bambini di tutte le età, anche in inglese.Tutti i canali Disney, i documentari spettacolari di Discovery Channel e National Geographic Channel e gli approfondimenti di History, storie appassionanti, professioni incredibili e programmi di scienza e tecnologia. In più la migliore musica nazionale, internazionale e i grandi concerti.\r\n\r\nSky Box Sets: Sky Box Sets è la novità di Sky che ti offre le migliori serie TV, da vedere stagione dopo stagione, tutte su My Sky. Hai le stagioni complete delle serie TV più amate come Mad Men, Twin Peaks e trovi anche le stagioni precedenti delle serie TV in onda, come Gomorra.\r\n\r\nSky Cinema: Un’offerta unica, con 12 canali dedicati al grande cinema, per soddisfare tutte le tue passioni. I canali evento dedicati alle saghe cinematografiche indimenticabili, come Sky Cinema 007, Sky Cinema Star Wars e tanti altri.Tutti in HD, senza interruzioni pubblicitarie e anche in lingua originale.\r\n\r\nSky Sport: Un''offerta unica di sport con tutta la F1® in diretta e la MotoGP™ in esclusiva, la UEFA Europa League e la Premier League, il calcio internazionale di Fox Sport, il basket Serie A Beko e l''Eurolega, tutto in esclusiva. Inoltre, i grandi tornei di tennis, rugby e golf.\r\n\r\nSky Calcio: Solo su Sky tutta la Serie A TIM e in esclusiva tutta la Serie B ConTe.it per una copertura unica in Italia fino al 2018. Inoltre tutte le partite di UEFA Euro 2016 e in esclusiva tutta la Copa America Centenario, per un''estate di calcio senza pause.', 'Sottoscrivi un abbonamento con TIM e regalati un decoder e un abbonamento Sky a prezzo scontato. Il pagamento dell''abbonamento sarà addebitato direttamente nella fattura TIM', 'Cosa posso vedere con il decoder SKY?\r\nCome posso avere un decoder?\r\nCome posso installarlo?\r\nPerché è necessario registrarsi e come posso farlo?\r\nQuali altre funzionalità ha il decoder?\r\nPosso vedere contenuti in lingua originale?', 'TBT', 'TBT', 'TBT'),
(7, 'Home & Family', 'TIM Home Connect', 'assets/images/SL/TIM_HOMECONNECT.jpg', '36.00', 'TIM Home Connect è l’offerta pensata per essere utilizzata nei dispositivi di domotica presenti nella casa, la cui gestione prevede l''uso di una SIM\r\n\r\nCon Tim Home Connect infatti hai a disposizione minuti, MB e SMS da utilizzare per connettere e gestire il tuo antifurto, la tua caldaia o altri sistemi di domotica.', 'Se sei già in possesso di una TIM Card, direttamente online cliccando sul tasto ATTIVA, oppure presso i Negozi TIM', 'Quali sono le caratteristiche di TIM HOME CONNECT?\r\n\r\n\r\nQuali sono le modalità, i tempi di attivazione e di rinnovo dell’offerta?\r\n\r\n\r\nCome posso disattivare l’offerta?\r\n\r\n\r\nCosa succede se recedo anticipatamente dall''offerta TIM HOME CONNECT?\r\n\r\n\r\nQuale garanzia hanno i prodotti presenti Pack TIM HOME CONNECT?', 'TBT', 'TBT', 'TBT'),
(8, 'Personal Services', 'TIM Payament', 'assets/images/SL/TIMPAYMENT.jpg', '5.00', 'Con TIM Payment puoi utilizzare il tuo smartphone per pagare in tutti i negozi abilitati.\r\nScegli le carte di pagamento di Intesa Sanpaolo, BNL o Mediolanum: pagare è semplice e conveniente!', 'Attiva il servizio TIMwallet per accedere a questo servizio.', 'Che cosa è TIM Payment?\r\nChi può utilizzare TIM Payment?\r\nQuanto costa attivare TIM Payment\r\nPer utilizzare TIM Wallet devo avere una SIM NFC?\r\nCosa succede se cambio Operatore Mobile tramite Mobile Number Portability?\r\nCosa posso fare se ho problemi con l’App TIM Payment?\r\nCosa devo fare se voglio cessare il servizio TIM Payment?', 'TBT', 'TBT', 'TBT'),
(9, 'Personal Services', 'TIM Transport', 'assets/images/SL/TIMTRANSPORT.jpg', '5.00', 'Acquista i biglietti dei trasporti della tua città, attraverso il servizio SMS ticketing. Verifica subito se il servizio è già disponibile nella tua città!\r\nAccedi alla Vetrina Servizi, se la città che ti interessa é abilitata, clicca e acquista il biglietto. \r\nPaghi direttamente con il tuo credito telefonico (se sei un Cliente Ricaricabile) o con addebito in bolletta (se sei un Cliente con Abbonamento). \r\n\r\nAttenzione: ti verranno addebitati il costo del biglietto più il costo dell’SMS di richiesta (19,90 €cent IVA inclusa). \r\n\r\nRicevi un SMS, il biglietto è valido da quel momento senza necessità di ulteriori convalide. \r\nPuoi trovare il biglietto elettronico direttamente nel TIM Wallet nel tuo portafogli, puoi rinnovarlo quando scade. In caso di controllo, mostra l’SMS di conferma che hai ricevuto.\r\n\r\nA Milano puoi utilizzare anche la modalità QRCode. Dopo aver acquistato il biglietto della metropolitana e ricevuto l’SMS, ricevi anche il QRCode che permette di aprire i tornelli della metropolitana. E’ sufficiente visualizzare il QRCode e accostare il display dello smartphone all’apposito lettore.\r\nCITTA’ ABILITATE', 'Attiva il servizio TIMwallet per accedere a questo servizio.', 'Cosa trovo nella vetrina servizi trasporti?\r\nQuanto costa acquistare un biglietto?\r\nChe tipo di biglietti è possibile acquistare?\r\nDove posso utilizzare il servizio?\r\nCome faccio ad acquistare un biglietto?\r\nDove trovo il biglietto che ho acquistato?\r\nCome faccio a convalidare il biglietto?\r\nCome faccio ad accedere ai varchi che richiedono l’inserimento di un biglietto cartaceo (es. metropolitana)?\r\nCome funziona il formato QRcode reso disponibile da alcune aziende di trasporto?', 'TBT', 'TBT', 'TBT'),
(10, 'Personal Services', 'TIM Fidelity Card', 'assets/images/SL/TIMFIDELITYCARD.jpg', '5.00', 'Accedi alla Vetrina Servizi e in pochi passaggi puoi acquisire tutte le tue carte fedeltà. \r\nInquadra la carta nel riquadro e attendi che venga riconosciuta. \r\nIl riconoscimento della tessera é automatico, tuttavia se la tessera non viene riconosciuta tra le carte presenti puoi comunque aggiungerla utilizzando la fotocamera del tuo smartphone: seleziona il tipo di codice riportato sulla tessera (codice a barre, QRCode o codice numerico) e inquadralo. Se il codice non viene riconosciuto automaticamente, può essere inserito anche manualmente. \r\nIn breve puoi vedere la tessera nel portafogli. \r\nPuoi mostrarla nei punti vendita abilitati direttamente dal tuo smartphone: se clicchi sull''immagine della carta in automatico ruota e ti mostra il codice a barre (attenzione: non tutti i punti vendita hanno i lettori di codice a barre abilitati!)', 'Attiva il servizio TIMwallet per accedere a questo servizio.', 'Come si aggiunge una carta fedeltà?\r\nQuale codice della carta devo inserire?\r\nPosso cancellare una carta fedeltà?\r\nCosa succede se cambio smartphone?\r\nDove vengono memorizzate le carte?\r\nPosso usare le mie carte in tutti i punti vendita?', 'TBT', 'TBT', 'TBT'),
(11, 'Personal Services', 'TIM COUPON', 'assets/images/SL/TIMCOUPON.jpg', '5.00', 'Trova il collegamento nella pagina informativa selezionando il tasto “SCOPRI” accedi al sito dove potrai scegliere tra tante offerte speciali. \n\nPuoi ricercare i prodotti delle migliori marche, viaggi da sogno e sconti sui locali più esclusivi della tua città navigando tra le categorie di offerte. \n\nUtilizzando il GPS del tuo smartphone puoi trovare sempre le migliori offerte intorno a te.', 'Attiva il servizio TIMwallet per accedere a questo servizio.', 'Come si attiva il servizio Coupon?\r\nTrovo solo le offerte della mia città?\r\nDevo registrarmi al servizio Coupon?\r\nDove trovo il coupon che ho acquistato?', 'TBT', 'TBT', 'TBT'),
(12, 'Health & Wellness', 'Health & Wellness', 'assets/images/SL/HEALTH.jpg', '0.00', 'null', '', 'null', 'TBT', '0', 'null'),
(13, 'TV & Entertainment', 'TV & Entertainment', 'assets/images/SL/TVENTER.jpg', '0.00', 'null', '', 'null', 'null', '0', 'null'),
(14, 'Home & Family', 'Home & Family', 'assets/images/SL/TIM_HOMECONNECT.jpg', '0.00', 'null', '', 'null', 'null', '0', 'null'),
(15, 'Personal Services', 'Personal Services', 'assets/images/SL/TIMFIDELITYCARD.jpg', '0.00', 'null', '', 'null', 'null', '0', 'null');

--
-- Constraints for dumped tables
--

--
-- Constraints for table `assdvrelation`
--
ALTER TABLE `assdvrelation`
  ADD CONSTRAINT `assdvrelation_ibfk_1` FOREIGN KEY (`idass`) REFERENCES `assistance` (`id`) ON DELETE CASCADE ON UPDATE CASCADE,
  ADD CONSTRAINT `assdvrelation_ibfk_2` FOREIGN KEY (`iddevice`) REFERENCES `devices` (`id`) ON DELETE CASCADE ON UPDATE CASCADE;

--
-- Constraints for table `dvslrelations`
--
ALTER TABLE `dvslrelations`
  ADD CONSTRAINT `dvslrelations_ibfk_1` FOREIGN KEY (`iddevice`) REFERENCES `devices` (`id`) ON DELETE CASCADE ON UPDATE CASCADE,
  ADD CONSTRAINT `dvslrelations_ibfk_2` FOREIGN KEY (`idslservice`) REFERENCES `slservices` (`id`) ON DELETE CASCADE ON UPDATE CASCADE;

/*!40101 SET CHARACTER_SET_CLIENT=@OLD_CHARACTER_SET_CLIENT */;
/*!40101 SET CHARACTER_SET_RESULTS=@OLD_CHARACTER_SET_RESULTS */;
/*!40101 SET COLLATION_CONNECTION=@OLD_COLLATION_CONNECTION */;
